X,Y,population,EVCharingCount
-8.65,57.85,3,0
-8.6,57.8,0,0
-8.55,57.8,0,0
-8.5,57.85,0,0
-7.65,56.8,1,0
-7.65,56.85,1,0
-7.65,57.5,0,0
-7.65,57.55,0,0
-7.6,56.8,1,0
-7.6,56.85,1,0
-7.6,57.5,0,0
-7.6,57.55,0,0
-7.6,58.3,2,0
-7.55,56.85,1,0
-7.55,56.9,4,0
-7.55,56.95,4,0
-7.55,57.6,1,0
-7.5,56.9,2,0
-7.5,56.95,60,5
-7.5,57.0,15,0
-7.5,57.55,4,0
-7.5,57.6,5,0
-7.5,57.65,4,0
-7.45,56.9,1,0
-7.45,56.95,22,0
-7.45,57.0,4,0
-7.45,57.05,18,0
-7.45,57.2,3,0
-7.45,57.25,1,0
-7.45,57.55,5,0
-7.45,57.6,10,0
-7.45,57.65,1,0
-7.4,57.0,18,17
-7.4,57.05,6,0
-7.4,57.1,18,0
-7.4,57.15,14,0
-7.4,57.2,8,0
-7.4,57.25,5,0
-7.4,57.3,4,0
-7.4,57.35,10,0
-7.4,57.4,5,0
-7.4,57.45,67,120
-7.4,57.55,6,0
-7.4,57.6,5,0
-7.4,57.65,2,0
-7.35,57.0,0,0
-7.35,57.1,17,0
-7.35,57.15,17,24
-7.35,57.2,2,0
-7.35,57.25,1,10
-7.35,57.3,4,6
-7.35,57.35,3,6
-7.35,57.4,27,0
-7.35,57.45,17,121
-7.35,57.5,10,56
-7.35,57.55,7,6
-7.35,57.6,1,0
-7.35,57.65,7,0
-7.35,57.7,5,0
-7.3,57.05,9,15
-7.3,57.1,14,15
-7.3,57.15,21,36
-7.3,57.2,0,0
-7.3,57.25,0,0
-7.3,57.3,0,0
-7.3,57.35,1,0
-7.3,57.4,7,0
-7.3,57.45,3,0
-7.3,57.5,14,0
-7.3,57.55,8,0
-7.3,57.6,0,0
-7.3,57.65,2,0
-7.3,57.7,5,0
-7.3,57.75,4,0
-7.25,57.1,1,0
-7.25,57.15,1,0
-7.25,57.2,0,0
-7.25,57.25,0,0
-7.25,57.3,0,0
-7.25,57.35,6,0
-7.25,57.4,3,0
-7.25,57.45,1,0
-7.25,57.5,10,0
-7.25,57.55,1,0
-7.25,57.6,0,0
-7.25,57.65,1,0
-7.25,57.7,1,0
-7.25,57.75,1,0
-7.25,57.8,1,0
-7.2,57.1,1,0
-7.2,57.3,0,0
-7.2,57.35,0,0
-7.2,57.4,1,0
-7.2,57.45,1,0
-7.2,57.5,7,0
-7.2,57.55,0,0
-7.2,57.6,1,0
-7.2,57.65,1,0
-7.2,57.7,5,0
-7.2,57.75,1,0
-7.2,57.8,0,0
-7.15,57.5,0,0
-7.15,57.55,0,0
-7.15,57.6,16,0
-7.15,57.65,1,0
-7.15,57.7,33,0
-7.15,57.75,7,0
-7.15,57.85,2,0
-7.15,58.0,0,0
-7.15,58.05,0,0
-7.15,58.1,1,0
-7.15,58.15,1,0
-7.1,57.55,0,0
-7.1,57.6,0,0
-7.1,57.65,1,0
-7.1,57.75,2,0
-7.1,57.8,2,0
-7.1,57.85,1,0
-7.1,57.9,0,0
-7.1,57.95,0,0
-7.1,58.0,1,0
-7.1,58.05,0,0
-7.1,58.1,3,0
-7.1,58.15,1,0
-7.1,58.2,1,0
-7.05,57.65,0,0
-7.05,57.7,2,0
-7.05,57.75,13,0
-7.05,57.8,4,0
-7.05,57.85,5,0
-7.05,57.9,0,0
-7.05,57.95,0,0
-7.05,58.0,0,0
-7.05,58.05,0,0
-7.05,58.1,0,0
-7.05,58.15,0,0
-7.05,58.2,6,0
-7.05,58.25,22,0
-7.0,56.45,2,0
-7.0,56.5,1,0
-7.0,57.75,25,23
-7.0,57.8,3,0
-7.0,57.85,3,15
-7.0,57.9,0,0
-7.0,57.95,0,0
-7.0,58.0,0,0
-7.0,58.05,0,0
-7.0,58.1,0,0
-7.0,58.15,0,0
-7.0,58.2,3,22
-7.0,58.25,6,0
-6.95,56.45,5,0
-6.95,56.5,4,0
-6.95,56.55,9,0
-6.95,57.75,4,0
-6.95,57.8,1,0
-6.95,57.85,2,0
-6.95,57.9,1,0
-6.95,57.95,0,0
-6.95,58.0,0,0
-6.95,58.05,0,0
-6.95,58.1,0,0
-6.95,58.15,0,0
-6.95,58.2,3,0
-6.95,58.25,5,0
-6.9,56.45,12,0
-6.9,56.5,7,38
-6.9,56.55,3,0
-6.9,57.75,2,0
-6.9,57.8,3,0
-6.9,57.85,1,0
-6.9,57.9,0,0
-6.9,57.95,0,0
-6.9,58.0,0,0
-6.9,58.05,0,0
-6.9,58.1,0,0
-6.9,58.15,0,0
-6.9,58.2,2,0
-6.9,58.25,4,0
-6.9,58.3,3,0
-6.85,56.5,9,0
-6.85,56.55,6,0
-6.85,57.8,6,0
-6.85,57.85,4,0
-6.85,57.9,4,0
-6.85,57.95,2,0
-6.85,58.0,0,0
-6.85,58.05,0,0
-6.85,58.1,0,0
-6.85,58.15,0,0
-6.85,58.2,7,15
-6.85,58.25,8,15
-6.8,56.5,14,0
-6.8,56.55,6,0
-6.8,57.4,3,0
-6.8,57.45,2,0
-6.8,57.8,3,0
-6.8,57.85,6,0
-6.8,57.9,24,105
-6.8,57.95,0,0
-6.8,58.0,0,0
-6.8,58.05,0,0
-6.8,58.1,0,0
-6.8,58.15,0,0
-6.8,58.2,4,0
-6.8,58.25,10,0
-6.8,58.3,13,0
-6.75,56.5,3,0
-6.75,56.55,5,0
-6.75,57.4,2,0
-6.75,57.45,4,0
-6.75,57.5,1,0
-6.75,57.85,5,0
-6.75,57.9,4,0
-6.75,57.95,0,0
-6.75,58.0,0,5
-6.75,58.05,0,0
-6.75,58.1,0,0
-6.75,58.15,1,0
-6.75,58.2,22,0
-6.75,58.25,6,0
-6.75,58.3,18,10
-6.7,56.55,1,0
-6.7,56.6,1,0
-6.7,56.95,0,0
-6.7,57.35,2,0
-6.7,57.4,1,0
-6.7,57.45,7,0
-6.7,57.5,3,0
-6.7,57.85,40,0
-6.7,57.9,8,0
-6.7,57.95,0,0
-6.7,58.0,0,0
-6.7,58.05,0,0
-6.7,58.1,0,0
-6.7,58.15,0,0
-6.7,58.2,3,0
-6.7,58.25,2,0
-6.7,58.3,9,6
-6.7,58.35,21,6
-6.65,56.55,1,0
-6.65,56.6,3,0
-6.65,57.35,1,0
-6.65,57.4,0,0
-6.65,57.45,8,0
-6.65,57.5,0,0
-6.65,57.55,3,0
-6.65,57.6,3,0
-6.65,57.85,16,0
-6.65,57.9,1,0
-6.65,57.95,0,0
-6.65,58.0,0,0
-6.65,58.05,0,0
-6.65,58.1,2,0
-6.65,58.15,0,0
-6.65,58.2,0,0
-6.65,58.25,1,0
-6.65,58.3,2,0
-6.65,58.35,57,0
-6.6,56.6,2,0
-6.6,56.65,2,0
-6.6,57.05,0,0
-6.6,57.35,0,0
-6.6,57.4,1,0
-6.6,57.45,11,0
-6.6,57.5,1,0
-6.6,57.55,6,0
-6.6,57.6,2,0
-6.6,57.9,0,0
-6.6,57.95,0,0
-6.6,58.0,0,0
-6.6,58.05,0,0
-6.6,58.1,11,7
-6.6,58.15,0,0
-6.6,58.2,0,0
-6.6,58.25,0,0
-6.6,58.3,1,0
-6.6,58.35,23,0
-6.55,56.6,2,0
-6.55,56.65,3,0
-6.55,57.05,0,0
-6.55,57.35,2,0
-6.55,57.4,11,0
-6.55,57.45,13,132
-6.55,57.5,3,0
-6.55,57.55,4,0
-6.55,57.6,4,0
-6.55,57.9,0,0
-6.55,57.95,0,0
-6.55,58.0,0,0
-6.55,58.05,0,0
-6.55,58.1,5,0
-6.55,58.15,1,0
-6.55,58.2,0,0
-6.55,58.25,0,0
-6.55,58.3,0,0
-6.55,58.35,3,0
-6.55,58.4,2,0
-6.5,55.7,9,0
-6.5,55.75,2,0
-6.5,55.8,5,0
-6.5,56.6,2,0
-6.5,56.65,1,24
-6.5,56.7,2,0
-6.5,57.05,4,0
-6.5,57.3,4,0
-6.5,57.35,3,0
-6.5,57.4,11,0
-6.5,57.45,1,0
-6.5,57.5,0,0
-6.5,57.55,1,0
-6.5,57.6,4,0
-6.5,57.95,0,0
-6.5,58.0,0,0
-6.5,58.05,0,0
-6.5,58.1,8,0
-6.5,58.15,12,0
-6.5,58.2,0,0
-6.5,58.25,0,0
-6.5,58.3,0,0
-6.5,58.35,22,0
-6.5,58.4,14,0
-6.45,55.7,1,0
-6.45,55.75,5,0
-6.45,55.8,3,0
-6.45,55.85,1,0
-6.45,56.3,45,0
-6.45,56.45,0,0
-6.45,56.65,0,0
-6.45,56.7,1,0
-6.45,57.0,0,0
-6.45,57.05,1,0
-6.45,57.25,0,0
-6.45,57.3,2,0
-6.45,57.35,11,0
-6.45,57.4,2,0
-6.45,57.45,4,0
-6.45,57.5,5,0
-6.45,57.75,2,0
-6.45,57.95,0,0
-6.45,58.0,5,0
-6.45,58.05,4,0
-6.45,58.1,6,0
-6.45,58.15,32,0
-6.45,58.2,2,0
-6.45,58.25,0,0
-6.45,58.3,1,0
-6.45,58.35,1,0
-6.45,58.4,19,0
-6.45,58.45,3,0
-6.4,55.7,6,0
-6.4,55.75,13,0
-6.4,55.8,1,0
-6.4,55.85,0,0
-6.4,56.3,6,0
-6.4,56.35,13,0
-6.4,56.5,0,0
-6.4,57.0,0,0
-6.4,57.05,0,0
-6.4,57.2,0,0
-6.4,57.25,0,0
-6.4,57.3,6,0
-6.4,57.35,12,0
-6.4,57.4,1,0
-6.4,57.45,2,0
-6.4,57.5,13,0
-6.4,57.55,3,0
-6.4,57.6,18,0
-6.4,57.65,13,0
-6.4,58.0,1,0
-6.4,58.05,2,0
-6.4,58.1,7,0
-6.4,58.15,10,0
-6.4,58.2,281,19
-6.4,58.25,74,18
-6.4,58.3,0,0
-6.4,58.35,0,0
-6.4,58.4,1,0
-6.4,58.45,13,0
-6.35,55.6,3,0
-6.35,55.7,1,0
-6.35,55.75,22,0
-6.35,55.8,3,0
-6.35,55.85,0,0
-6.35,55.9,1,0
-6.35,56.3,2,52
-6.35,56.35,5,52
-6.35,56.45,0,0
-6.35,56.55,1,0
-6.35,56.95,0,0
-6.35,57.0,0,0
-6.35,57.05,0,0
-6.35,57.2,0,0
-6.35,57.25,1,0
-6.35,57.3,9,0
-6.35,57.35,0,0
-6.35,57.4,0,0
-6.35,57.45,8,0
-6.35,57.5,14,0
-6.35,57.55,5,0
-6.35,57.6,15,0
-6.35,57.65,5,0
-6.35,57.7,4,0
-6.35,57.9,0,0
-6.35,58.0,1,0
-6.35,58.05,1,0
-6.35,58.15,2,0
-6.35,58.2,297,283
-6.35,58.25,65,0
-6.35,58.3,5,0
-6.35,58.35,0,0
-6.35,58.4,0,0
-6.35,58.45,1,0
-6.3,55.6,0,0
-6.3,55.65,0,0
-6.3,55.7,1,0
-6.3,55.75,70,342
-6.3,55.8,1,0
-6.3,55.85,0,0
-6.3,55.9,12,0
-6.3,56.05,2,0
-6.3,56.25,10,0
-6.3,56.3,1,0
-6.3,56.35,2,0
-6.3,56.45,0,0
-6.3,56.5,0,0
-6.3,56.55,2,5
-6.3,56.6,2,0
-6.3,56.95,0,0
-6.3,57.0,1,0
-6.3,57.05,0,0
-6.3,57.15,0,0
-6.3,57.2,1,0
-6.3,57.25,1,0
-6.3,57.3,3,0
-6.3,57.35,0,0
-6.3,57.4,1,0
-6.3,57.45,11,0
-6.3,57.5,11,0
-6.3,57.55,1,0
-6.3,57.6,1,0
-6.3,57.65,1,0
-6.3,57.7,3,0
-6.3,58.2,122,0
-6.3,58.25,156,8
-6.3,58.3,43,8
-6.3,58.35,0,0
-6.3,58.4,0,0
-6.3,58.45,15,0
-6.3,58.5,33,0
-6.25,55.6,0,0
-6.25,55.65,0,0
-6.25,55.7,2,0
-6.25,55.75,2,21
-6.25,55.8,4,0
-6.25,55.85,0,0
-6.25,55.9,0,0
-6.25,56.0,3,0
-6.25,56.05,4,0
-6.25,56.1,3,0
-6.25,56.25,2,0
-6.25,56.3,10,0
-6.25,56.35,5,0
-6.25,56.45,0,0
-6.25,56.5,0,0
-6.25,56.55,1,0
-6.25,56.6,3,0
-6.25,56.85,0,0
-6.25,56.95,0,0
-6.25,57.0,0,0
-6.25,57.05,0,0
-6.25,57.15,0,0
-6.25,57.2,0,0
-6.25,57.25,0,0
-6.25,57.3,0,0
-6.25,57.35,0,0
-6.25,57.4,1,0
-6.25,57.45,8,0
-6.25,57.5,1,0
-6.25,57.55,0,0
-6.25,57.6,0,0
-6.25,57.65,15,0
-6.25,57.7,7,0
-6.25,58.2,78,0
-6.25,58.3,5,0
-6.25,58.35,4,0
-6.25,58.4,0,0
-6.25,58.45,1,0
-6.25,58.5,69,24
-6.2,55.6,4,0
-6.2,55.65,61,0
-6.2,55.7,0,0
-6.2,55.75,2,0
-6.2,55.8,2,0
-6.2,55.85,0,0
-6.2,55.9,0,0
-6.2,56.0,0,0
-6.2,56.05,2,0
-6.2,56.1,1,0
-6.2,56.3,4,0
-6.2,56.35,3,0
-6.2,56.4,0,0
-6.2,56.45,0,0
-6.2,56.5,0,0
-6.2,56.55,1,0
-6.2,56.6,8,0
-6.2,56.65,3,0
-6.2,56.7,0,11
-6.2,56.75,1,0
-6.2,56.85,0,0
-6.2,56.9,0,0
-6.2,57.15,0,0
-6.2,57.2,0,0
-6.2,57.25,0,0
-6.2,57.3,1,0
-6.2,57.35,2,0
-6.2,57.4,182,616
-6.2,57.45,3,0
-6.2,57.5,0,0
-6.2,57.55,0,0
-6.2,57.6,8,26
-6.2,57.65,36,26
-6.2,58.2,58,0
-6.2,58.25,20,0
-6.2,58.3,4,0
-6.2,58.35,63,0
-6.2,58.4,0,0
-6.2,58.45,5,0
-6.2,58.5,27,0
-6.15,55.6,0,0
-6.15,55.65,2,0
-6.15,55.7,0,0
-6.15,55.75,0,0
-6.15,55.8,4,0
-6.15,55.85,6,0
-6.15,55.9,0,0
-6.15,55.95,0,0
-6.15,56.1,1,0
-6.15,56.15,0,0
-6.15,56.3,0,0
-6.15,56.35,0,0
-6.15,56.4,0,0
-6.15,56.45,0,0
-6.15,56.5,1,0
-6.15,56.55,0,0
-6.15,56.6,1,0
-6.15,56.65,0,0
-6.15,56.7,2,0
-6.15,56.75,0,0
-6.15,56.9,1,0
-6.15,56.95,0,0
-6.15,57.2,1,0
-6.15,57.25,0,0
-6.15,57.3,3,0
-6.15,57.35,2,0
-6.15,57.4,4,0
-6.15,57.45,0,0
-6.15,57.5,1,112
-6.15,57.55,1,0
-6.15,57.6,5,0
-6.15,58.2,6,0
-6.15,58.25,110,0
-6.15,58.35,8,0
-6.15,58.4,0,0
-6.15,58.45,0,0
-6.15,59.1,2,0
-6.1,55.65,2,0
-6.1,55.7,0,0
-6.1,55.75,0,0
-6.1,55.8,0,0
-6.1,55.85,7,0
-6.1,55.9,1,0
-6.1,55.95,0,0
-6.1,56.3,0,0
-6.1,56.35,0,0
-6.1,56.4,0,0
-6.1,56.45,0,0
-6.1,56.5,0,0
-6.1,56.55,0,0
-6.1,56.6,5,0
-6.1,56.65,2,0
-6.1,56.7,4,0
-6.1,56.75,0,0
-6.1,56.85,1,0
-6.1,56.9,0,0
-6.1,56.95,0,0
-6.1,57.15,11,0
-6.1,57.2,0,0
-6.1,57.25,0,0
-6.1,57.3,2,0
-6.1,57.35,3,0
-6.1,57.4,0,0
-6.1,57.45,0,0
-6.05,55.65,0,0
-6.05,55.7,0,0
-6.05,55.75,0,0
-6.05,55.8,0,0
-6.05,55.85,0,0
-6.05,55.9,0,0
-6.05,55.95,1,0
-6.05,56.3,1,0
-6.05,56.35,0,0
-6.05,56.4,0,0
-6.05,56.45,0,0
-6.05,56.5,0,0
-6.05,56.55,0,0
-6.05,56.6,39,0
-6.05,56.65,201,0
-6.05,56.7,2,0
-6.05,56.75,2,0
-6.05,57.05,1,0
-6.05,57.15,10,0
-6.05,57.2,1,0
-6.05,57.25,0,0
-6.05,57.3,1,0
-6.05,57.35,8,0
-6.05,57.4,0,0
-6.05,57.45,1,0
-6.05,57.5,0,0
-6.0,55.8,1,0
-6.0,55.85,0,0
-6.0,55.9,1,0
-6.0,55.95,0,0
-6.0,56.0,0,0
-6.0,56.3,0,0
-6.0,56.35,0,0
-6.0,56.4,0,0
-6.0,56.45,2,0
-6.0,56.5,3,0
-6.0,56.55,1,0
-6.0,56.6,2,0
-6.0,56.65,0,0
-6.0,56.7,3,0
-6.0,56.75,0,0
-6.0,57.0,5,0
-6.0,57.05,0,0
-6.0,57.1,9,0
-6.0,57.15,1,0
-6.0,57.2,2,0
-6.0,57.25,0,0
-6.0,57.3,0,0
-6.0,57.35,0,0
-6.0,57.4,0,0
-6.0,57.45,0,0
-6.0,57.5,0,0
-6.0,57.55,0,0
-5.95,55.8,0,0
-5.95,55.85,2,5
-5.95,55.9,0,0
-5.95,55.95,0,0
-5.95,56.0,0,0
-5.95,56.05,0,0
-5.95,56.3,1,0
-5.95,56.35,0,0
-5.95,56.4,0,0
-5.95,56.45,0,0
-5.95,56.5,17,0
-5.95,56.55,4,0
-5.95,56.6,1,0
-5.95,56.65,0,0
-5.95,56.7,1,0
-5.95,56.75,0,0
-5.95,56.8,6,0
-5.95,56.9,0,0
-5.95,57.05,1,0
-5.95,57.1,1,0
-5.95,57.15,1,0
-5.95,57.2,0,0
-5.95,57.25,2,0
-5.95,57.3,0,0
-5.95,57.5,0,0
-5.95,57.55,0,0
-5.95,57.6,5,0
-5.9,55.85,0,0
-5.9,55.9,0,0
-5.9,55.95,0,0
-5.9,56.0,0,0
-5.9,56.05,0,0
-5.9,56.3,0,0
-5.9,56.35,0,0
-5.9,56.4,0,0
-5.9,56.45,0,0
-5.9,56.5,1,0
-5.9,56.55,1,0
-5.9,56.6,0,0
-5.9,56.65,0,0
-5.9,56.7,1,0
-5.9,56.75,0,0
-5.9,56.8,3,0
-5.9,56.9,1,0
-5.9,57.05,57,8
-5.9,57.1,8,0
-5.9,57.15,1,0
-5.9,57.2,1,0
-5.9,57.25,108,25
-5.9,57.3,0,0
-5.85,55.9,2,0
-5.85,55.95,0,0
-5.85,56.0,0,0
-5.85,56.05,0,0
-5.85,56.1,0,0
-5.85,56.3,1,0
-5.85,56.35,0,0
-5.85,56.4,0,0
-5.85,56.45,0,0
-5.85,56.5,1,0
-5.85,56.55,2,0
-5.85,56.6,0,0
-5.85,56.65,0,0
-5.85,56.7,1,0
-5.85,56.75,7,0
-5.85,56.8,1,0
-5.85,56.85,4,0
-5.85,56.9,24,87
-5.85,56.95,12,0
-5.85,57.0,162,97
-5.85,57.1,27,0
-5.85,57.15,3,0
-5.85,57.2,2,0
-5.85,57.25,35,0
-5.85,57.3,3,0
-5.85,57.35,0,0
-5.85,57.45,1,0
-5.85,57.5,0,0
-5.85,57.55,1,0
-5.85,59.1,3,0
-5.8,55.3,0,0
-5.8,55.35,1,0
-5.8,55.4,1,0
-5.8,56.0,0,0
-5.8,56.05,0,0
-5.8,56.1,0,0
-5.8,56.2,0,0
-5.8,56.25,0,0
-5.8,56.3,4,0
-5.8,56.35,0,0
-5.8,56.4,0,0
-5.8,56.45,0,0
-5.8,56.5,5,0
-5.8,56.55,10,0
-5.8,56.6,0,0
-5.8,56.65,0,0
-5.8,56.7,4,0
-5.8,56.75,14,0
-5.8,56.8,1,0
-5.8,56.85,1,0
-5.8,56.9,3,0
-5.8,56.95,8,0
-5.8,57.0,25,2
-5.8,57.05,1,0
-5.8,57.1,5,0
-5.8,57.15,10,24
-5.8,57.2,2,0
-5.8,57.25,6,0
-5.8,57.35,1,0
-5.8,57.4,7,0
-5.8,57.45,1,0
-5.8,57.5,0,0
-5.8,57.55,0,0
-5.8,57.6,1,0
-5.8,57.65,5,0
-5.8,57.7,8,0
-5.8,57.75,2,0
-5.8,57.8,3,0
-5.8,57.85,1,0
-5.8,59.1,3,0
-5.8,59.15,20,0
-5.75,55.3,0,0
-5.75,55.35,0,0
-5.75,55.4,9,0
-5.75,55.65,9,0
-5.75,55.7,9,0
-5.75,56.05,0,0
-5.75,56.1,0,0
-5.75,56.15,0,0
-5.75,56.2,0,0
-5.75,56.25,0,0
-5.75,56.35,0,0
-5.75,56.4,0,0
-5.75,56.45,0,0
-5.75,56.5,2,0
-5.75,56.55,1,12
-5.75,56.6,0,0
-5.75,56.65,0,0
-5.75,56.7,2,0
-5.75,56.75,5,0
-5.75,56.8,3,0
-5.75,56.85,1,0
-5.75,56.9,1,0
-5.75,56.95,0,0
-5.75,57.0,0,0
-5.75,57.05,0,0
-5.75,57.1,1,0
-5.75,57.15,1,0
-5.75,57.2,0,0
-5.75,57.25,19,548
-5.75,57.3,16,274
-5.75,57.35,0,0
-5.75,57.4,0,0
-5.75,57.45,0,0
-5.75,57.5,0,0
-5.75,57.55,0,0
-5.75,57.6,1,0
-5.75,57.65,1,0
-5.75,57.7,4,0
-5.75,57.75,4,0
-5.75,57.8,0,0
-5.75,57.85,1,0
-5.7,55.3,2,0
-5.7,55.35,0,0
-5.7,55.4,10,0
-5.7,55.45,20,0
-5.7,55.5,4,0
-5.7,55.55,6,0
-5.7,55.6,17,0
-5.7,55.7,3,0
-5.7,55.75,6,0
-5.7,55.9,0,0
-5.7,55.95,2,0
-5.7,56.0,2,0
-5.7,56.1,0,0
-5.7,56.15,0,0
-5.7,56.2,0,0
-5.7,56.25,0,0
-5.7,56.35,0,0
-5.7,56.4,0,0
-5.7,56.45,7,108
-5.7,56.5,3,13
-5.7,56.55,0,0
-5.7,56.6,0,0
-5.7,56.65,0,0
-5.7,56.7,1,0
-5.7,56.75,2,0
-5.7,56.8,0,0
-5.7,56.85,0,0
-5.7,56.9,0,0
-5.7,56.95,0,0
-5.7,57.0,0,0
-5.7,57.05,0,0
-5.7,57.1,0,0
-5.7,57.15,1,0
-5.7,57.2,1,0
-5.7,57.25,1,0
-5.7,57.3,48,268
-5.7,57.35,2,0
-5.7,57.4,0,0
-5.7,57.45,0,0
-5.7,57.5,0,0
-5.7,57.55,1,0
-5.7,57.6,1,0
-5.7,57.65,1,0
-5.7,57.7,22,0
-5.7,57.75,15,0
-5.7,57.8,1,0
-5.7,57.85,4,0
-5.65,55.3,37,0
-5.65,55.35,3,0
-5.65,55.4,14,0
-5.65,55.45,5,0
-5.65,55.5,0,0
-5.65,55.55,0,0
-5.65,55.6,0,0
-5.65,55.65,9,0
-5.65,55.7,2,0
-5.65,55.8,1,0
-5.65,55.85,1,0
-5.65,55.9,1,0
-5.65,55.95,1,0
-5.65,56.0,5,0
-5.65,56.05,11,0
-5.65,56.15,1,0
-5.65,56.2,7,0
-5.65,56.25,18,0
-5.65,56.3,19,0
-5.65,56.4,0,0
-5.65,56.45,3,0
-5.65,56.5,0,0
-5.65,56.55,0,0
-5.65,56.6,0,0
-5.65,56.65,0,0
-5.65,56.7,1,0
-5.65,56.75,0,0
-5.65,56.8,0,0
-5.65,56.85,0,0
-5.65,56.9,1,0
-5.65,56.95,0,0
-5.65,57.0,0,0
-5.65,57.05,1,0
-5.65,57.1,0,0
-5.65,57.15,1,0
-5.65,57.2,3,0
-5.65,57.25,1,0
-5.65,57.3,8,0
-5.65,57.35,63,0
-5.65,57.4,2,0
-5.65,57.45,0,0
-5.65,57.5,4,0
-5.65,57.55,4,0
-5.65,57.6,1,0
-5.65,57.65,0,0
-5.65,57.7,4,80
-5.65,57.75,3,0
-5.65,57.8,4,0
-5.65,57.85,17,0
-5.65,57.9,2,0
-5.6,55.3,6,0
-5.6,55.35,1,0
-5.6,55.4,142,366
-5.6,55.45,165,366
-5.6,55.5,0,0
-5.6,55.55,0,0
-5.6,55.6,0,0
-5.6,55.65,0,0
-5.6,55.7,0,0
-5.6,55.75,5,0
-5.6,55.8,0,0
-5.6,55.85,0,0
-5.6,55.9,4,0
-5.6,55.95,0,0
-5.6,56.0,3,0
-5.6,56.05,5,0
-5.6,56.1,1,0
-5.6,56.15,3,0
-5.6,56.2,1,0
-5.6,56.25,3,0
-5.6,56.3,30,0
-5.6,56.4,0,0
-5.6,56.45,1,0
-5.6,56.5,1,0
-5.6,56.55,0,0
-5.6,56.6,0,0
-5.6,56.65,0,0
-5.6,56.7,2,0
-5.6,56.75,0,0
-5.6,56.8,0,0
-5.6,56.85,0,0
-5.6,56.9,0,0
-5.6,56.95,0,0
-5.6,57.0,0,0
-5.6,57.05,0,0
-5.6,57.1,0,0
-5.6,57.15,1,0
-5.6,57.2,10,0
-5.6,57.25,1,0
-5.6,57.3,9,0
-5.6,57.35,4,0
-5.6,57.4,3,0
-5.6,57.45,2,0
-5.6,57.5,1,0
-5.6,57.55,4,0
-5.6,57.6,0,0
-5.6,57.65,0,0
-5.6,57.7,0,0
-5.6,57.75,12,0
-5.6,57.8,3,0
-5.6,57.85,24,0
-5.6,57.9,2,0
-5.55,55.3,8,0
-5.55,55.35,2,0
-5.55,55.4,1,0
-5.55,55.45,12,0
-5.55,55.5,0,0
-5.55,55.55,0,0
-5.55,55.6,0,0
-5.55,55.65,0,0
-5.55,55.7,0,0
-5.55,55.75,6,0
-5.55,55.8,0,0
-5.55,55.85,0,0
-5.55,55.9,0,0
-5.55,55.95,2,0
-5.55,56.0,0,0
-5.55,56.05,6,0
-5.55,56.1,5,0
-5.55,56.15,2,0
-5.55,56.2,19,0
-5.55,56.25,4,15
-5.55,56.3,0,0
-5.55,56.35,1,0
-5.55,56.4,0,0
-5.55,56.45,2,0
-5.55,56.5,3,0
-5.55,56.55,3,0
-5.55,56.6,1,0
-5.55,56.65,0,0
-5.55,56.7,20,41
-5.55,56.75,2,0
-5.55,56.8,0,0
-5.55,56.85,0,0
-5.55,56.9,0,0
-5.55,56.95,0,0
-5.55,57.0,0,0
-5.55,57.05,0,0
-5.55,57.1,0,0
-5.55,57.15,0,0
-5.55,57.2,0,0
-5.55,57.25,1,0
-5.55,57.3,6,0
-5.55,57.35,8,0
-5.55,57.4,2,0
-5.55,57.45,0,0
-5.55,57.5,0,0
-5.55,57.55,2,0
-5.55,57.6,0,0
-5.55,57.65,0,0
-5.55,57.7,0,0
-5.55,57.75,0,0
-5.55,57.8,1,0
-5.55,57.85,6,0
-5.55,57.9,6,0
-5.5,55.35,7,0
-5.5,55.4,0,0
-5.5,55.5,5,0
-5.5,55.55,2,0
-5.5,55.6,10,0
-5.5,55.65,2,0
-5.5,55.7,0,0
-5.5,55.75,0,0
-5.5,55.8,4,38
-5.5,55.85,0,0
-5.5,55.9,0,0
-5.5,55.95,0,0
-5.5,56.0,0,0
-5.5,56.05,11,0
-5.5,56.1,5,0
-5.5,56.15,11,0
-5.5,56.2,3,0
-5.5,56.25,9,0
-5.5,56.3,0,0
-5.5,56.35,2,0
-5.5,56.4,140,0
-5.5,56.45,32,0
-5.5,56.5,11,0
-5.5,56.55,10,0
-5.5,56.6,0,0
-5.5,56.65,0,0
-5.5,56.7,0,0
-5.5,56.75,0,0
-5.5,56.8,0,0
-5.5,56.85,0,0
-5.5,56.9,0,0
-5.5,56.95,0,0
-5.5,57.0,0,0
-5.5,57.05,0,0
-5.5,57.1,0,0
-5.5,57.15,0,0
-5.5,57.2,0,0
-5.5,57.25,2,0
-5.5,57.3,17,66
-5.5,57.35,2,0
-5.5,57.4,46,29
-5.5,57.45,0,0
-5.5,57.5,0,46
-5.5,57.55,3,46
-5.5,57.6,0,0
-5.5,57.65,0,0
-5.5,57.7,0,0
-5.5,57.75,0,0
-5.5,57.8,0,0
-5.5,57.85,1,0
-5.5,57.9,1,0
-5.5,57.95,3,0
-5.45,55.6,93,0
-5.45,55.65,6,0
-5.45,55.7,2,0
-5.45,55.75,0,0
-5.45,55.8,2,0
-5.45,55.85,5,0
-5.45,55.9,0,0
-5.45,55.95,1,0
-5.45,56.0,183,0
-5.45,56.05,130,392
-5.45,56.1,17,0
-5.45,56.15,2,0
-5.45,56.2,2,0
-5.45,56.25,4,0
-5.45,56.3,0,0
-5.45,56.35,3,6
-5.45,56.4,393,858
-5.45,56.45,101,0
-5.45,56.5,2,0
-5.45,56.55,7,0
-5.45,56.6,0,0
-5.45,56.65,0,0
-5.45,56.7,0,0
-5.45,56.75,0,0
-5.45,56.8,0,0
-5.45,56.85,1,0
-5.45,56.9,0,0
-5.45,56.95,0,0
-5.45,57.0,0,0
-5.45,57.05,0,0
-5.45,57.1,0,0
-5.45,57.15,0,0
-5.45,57.2,4,0
-5.45,57.25,6,0
-5.45,57.3,1,0
-5.45,57.35,0,0
-5.45,57.4,8,12
-5.45,57.45,3,12
-5.45,57.5,0,0
-5.45,57.55,0,0
-5.45,57.6,0,0
-5.45,57.65,0,0
-5.45,57.7,0,0
-5.45,57.75,0,0
-5.45,57.8,0,0
-5.45,57.85,1,0
-5.45,57.9,1,0
-5.45,57.95,3,0
-5.45,58.0,3,0
-5.45,58.05,2,0
-5.45,58.1,2,0
-5.4,55.6,10,0
-5.4,55.65,16,0
-5.4,55.75,2,0
-5.4,55.8,0,0
-5.4,55.85,79,143
-5.4,55.9,5,0
-5.4,56.0,11,0
-5.4,56.05,38,42
-5.4,56.1,0,0
-5.4,56.15,0,0
-5.4,56.2,6,0
-5.4,56.25,1,0
-5.4,56.3,0,0
-5.4,56.35,1,0
-5.4,56.4,4,0
-5.4,56.45,65,0
-5.4,56.5,53,14
-5.4,56.55,19,0
-5.4,56.6,5,0
-5.4,56.65,0,0
-5.4,56.7,0,0
-5.4,56.75,0,0
-5.4,56.8,0,0
-5.4,56.85,1,0
-5.4,56.9,0,0
-5.4,56.95,0,0
-5.4,57.0,0,0
-5.4,57.05,0,0
-5.4,57.1,0,0
-5.4,57.15,0,0
-5.4,57.2,1,0
-5.4,57.25,3,0
-5.4,57.3,0,0
-5.4,57.35,0,0
-5.4,57.4,0,0
-5.4,57.45,0,0
-5.4,57.5,0,0
-5.4,57.55,0,0
-5.4,57.6,0,0
-5.4,57.65,0,0
-5.4,57.7,0,0
-5.4,57.75,0,0
-5.4,57.8,0,0
-5.4,57.85,0,0
-5.4,57.9,3,0
-5.4,57.95,0,0
-5.4,58.0,3,0
-5.4,58.05,3,0
-5.4,58.1,2,0
-5.4,58.25,2,0
-5.35,55.5,48,0
-5.35,55.55,7,0
-5.35,55.6,1,0
-5.35,55.65,2,0
-5.35,55.7,2,0
-5.35,55.75,3,0
-5.35,55.8,0,0
-5.35,55.85,0,0
-5.35,55.9,2,0
-5.35,55.95,1,0
-5.35,56.0,8,0
-5.35,56.05,8,0
-5.35,56.1,0,0
-5.35,56.15,0,0
-5.35,56.2,0,0
-5.35,56.25,2,0
-5.35,56.3,0,0
-5.35,56.35,0,0
-5.35,56.4,0,0
-5.35,56.45,20,0
-5.35,56.5,4,0
-5.35,56.55,12,0
-5.35,56.6,3,0
-5.35,56.65,0,0
-5.35,56.7,0,0
-5.35,56.75,0,0
-5.35,56.8,0,0
-5.35,56.85,2,0
-5.35,56.9,0,0
-5.35,56.95,0,0
-5.35,57.0,0,0
-5.35,57.05,0,0
-5.35,57.1,0,0
-5.35,57.15,0,0
-5.35,57.2,0,0
-5.35,57.25,0,0
-5.35,57.3,0,0
-5.35,57.35,0,0
-5.35,57.4,0,0
-5.35,57.45,0,0
-5.35,57.5,0,0
-5.35,57.55,0,0
-5.35,57.6,0,0
-5.35,57.65,0,0
-5.35,57.7,0,0
-5.35,57.75,0,0
-5.35,57.8,0,0
-5.35,57.85,2,0
-5.35,57.9,2,0
-5.35,57.95,0,0
-5.35,58.0,12,0
-5.35,58.05,3,0
-5.35,58.1,0,0
-5.35,58.15,0,0
-5.35,58.2,12,0
-5.35,58.25,4,0
-5.3,55.45,5,0
-5.3,55.5,16,0
-5.3,55.55,2,0
-5.3,55.6,0,0
-5.3,55.65,0,0
-5.3,55.7,13,0
-5.3,55.75,0,0
-5.3,55.8,0,0
-5.3,55.85,2,0
-5.3,55.9,2,0
-5.3,55.95,1,0
-5.3,56.0,1,0
-5.3,56.05,3,0
-5.3,56.1,4,0
-5.3,56.15,0,0
-5.3,56.2,1,0
-5.3,56.25,1,0
-5.3,56.3,0,0
-5.3,56.35,0,0
-5.3,56.4,1,0
-5.3,56.45,4,0
-5.3,56.5,4,0
-5.3,56.55,9,0
-5.3,56.6,1,0
-5.3,56.65,11,0
-5.3,56.7,6,0
-5.3,56.75,0,0
-5.3,56.8,0,0
-5.3,56.85,2,0
-5.3,56.9,0,0
-5.3,56.95,0,0
-5.3,57.0,0,0
-5.3,57.05,0,0
-5.3,57.1,0,0
-5.3,57.15,0,0
-5.3,57.2,0,0
-5.3,57.25,0,0
-5.3,57.3,0,0
-5.3,57.35,0,0
-5.3,57.4,0,0
-5.3,57.45,0,0
-5.3,57.5,0,0
-5.3,57.55,0,0
-5.3,57.6,2,19
-5.3,57.65,0,0
-5.3,57.7,0,0
-5.3,57.75,0,0
-5.3,57.8,0,0
-5.3,57.85,3,0
-5.3,57.9,0,0
-5.3,58.0,1,0
-5.3,58.05,1,0
-5.3,58.1,1,0
-5.3,58.15,7,0
-5.3,58.2,3,0
-5.3,58.25,2,0
-5.25,55.45,12,0
-5.25,55.5,1,0
-5.25,55.55,0,0
-5.25,55.6,0,0
-5.25,55.65,0,0
-5.25,55.7,2,0
-5.25,55.85,0,0
-5.25,55.9,31,0
-5.25,55.95,0,0
-5.25,56.0,0,0
-5.25,56.05,0,0
-5.25,56.1,22,0
-5.25,56.15,2,0
-5.25,56.2,0,0
-5.25,56.25,0,0
-5.25,56.3,0,0
-5.25,56.35,1,0
-5.25,56.4,4,0
-5.25,56.45,64,0
-5.25,56.5,0,0
-5.25,56.55,0,0
-5.25,56.6,0,0
-5.25,56.65,11,0
-5.25,56.7,53,0
-5.25,56.75,1,0
-5.25,56.8,0,0
-5.25,56.85,4,0
-5.25,56.9,0,0
-5.25,56.95,0,0
-5.25,57.0,0,0
-5.25,57.05,0,0
-5.25,57.1,0,0
-5.25,57.15,0,0
-5.25,57.2,0,0
-5.25,57.25,0,0
-5.25,57.3,0,0
-5.25,57.35,0,0
-5.25,57.4,0,0
-5.25,57.45,0,0
-5.25,57.5,0,0
-5.25,57.55,0,0
-5.25,57.6,0,0
-5.25,57.65,0,0
-5.25,57.7,0,0
-5.25,57.75,0,0
-5.25,57.8,0,0
-5.25,57.85,2,0
-5.25,57.9,0,0
-5.25,57.95,0,0
-5.25,58.0,0,0
-5.25,58.05,1,0
-5.25,58.1,1,0
-5.25,58.15,43,189
-5.25,58.2,1,0
-5.25,58.25,1,0
-5.2,54.9,13,0
-5.2,54.95,8,0
-5.2,55.0,13,0
-5.2,55.45,4,0
-5.2,55.5,0,0
-5.2,55.55,0,0
-5.2,55.6,0,0
-5.2,55.65,2,0
-5.2,55.7,1,0
-5.2,55.85,2,0
-5.2,55.9,5,0
-5.2,55.95,2,0
-5.2,56.0,3,0
-5.2,56.05,1,0
-5.2,56.1,1,0
-5.2,56.15,18,0
-5.2,56.2,0,0
-5.2,56.25,0,0
-5.2,56.3,1,0
-5.2,56.35,2,0
-5.2,56.4,3,0
-5.2,56.45,5,0
-5.2,56.5,0,0
-5.2,56.55,0,0
-5.2,56.6,0,0
-5.2,56.65,2,0
-5.2,56.7,19,224
-5.2,56.75,2,0
-5.2,56.8,0,0
-5.2,56.85,3,0
-5.2,56.9,0,0
-5.2,56.95,0,0
-5.2,57.0,0,0
-5.2,57.05,0,0
-5.2,57.1,0,0
-5.2,57.15,1,0
-5.2,57.2,0,0
-5.2,57.25,0,0
-5.2,57.3,0,0
-5.2,57.35,0,0
-5.2,57.4,0,0
-5.2,57.45,0,0
-5.2,57.5,0,0
-5.2,57.55,0,0
-5.2,57.6,0,0
-5.2,57.65,0,0
-5.2,57.7,0,0
-5.2,57.75,0,0
-5.2,57.8,0,0
-5.2,57.85,3,0
-5.2,57.9,3,0
-5.2,57.95,0,0
-5.2,58.0,0,0
-5.2,58.05,0,0
-5.2,58.1,0,0
-5.2,58.15,1,0
-5.2,58.2,0,0
-5.2,58.25,2,0
-5.2,58.3,0,0
-5.2,58.4,0,0
-5.15,54.85,9,0
-5.15,54.9,7,0
-5.15,54.95,6,0
-5.15,55.0,5,0
-5.15,55.45,7,0
-5.15,55.5,3,0
-5.15,55.55,61,347
-5.15,55.6,33,0
-5.15,55.65,9,0
-5.15,55.7,1,0
-5.15,55.8,2,0
-5.15,55.85,2,0
-5.15,55.9,1,0
-5.15,55.95,2,0
-5.15,56.0,1,0
-5.15,56.05,0,0
-5.15,56.1,0,0
-5.15,56.15,9,0
-5.15,56.2,1,0
-5.15,56.25,0,0
-5.15,56.3,0,0
-5.15,56.35,3,0
-5.15,56.4,1,0
-5.15,56.45,0,0
-5.15,56.5,0,0
-5.15,56.55,0,0
-5.15,56.6,0,0
-5.15,56.65,8,66
-5.15,56.7,28,33
-5.15,56.75,1,0
-5.15,56.8,23,0
-5.15,56.85,59,0
-5.15,56.9,0,0
-5.15,56.95,0,0
-5.15,57.0,0,0
-5.15,57.05,0,0
-5.15,57.1,0,0
-5.15,57.15,0,0
-5.15,57.2,0,0
-5.15,57.25,0,0
-5.15,57.3,0,0
-5.15,57.35,0,0
-5.15,57.4,0,0
-5.15,57.45,0,0
-5.15,57.5,0,0
-5.15,57.55,0,0
-5.15,57.6,0,0
-5.15,57.65,0,0
-5.15,57.7,0,0
-5.15,57.75,0,0
-5.15,57.8,1,0
-5.15,57.85,1,0
-5.15,57.9,134,294
-5.15,57.95,0,0
-5.15,58.0,0,0
-5.15,58.05,0,0
-5.15,58.1,0,0
-5.15,58.15,0,0
-5.15,58.2,0,0
-5.15,58.25,1,0
-5.15,58.3,0,0
-5.15,58.35,8,0
-5.15,58.4,0,0
-5.15,58.5,2,0
-5.1,54.8,4,0
-5.1,54.85,46,0
-5.1,54.9,4,0
-5.1,54.95,35,0
-5.1,55.0,11,0
-5.1,55.25,0,0
-5.1,55.45,14,0
-5.1,55.5,69,0
-5.1,55.55,55,123
-5.1,55.75,17,0
-5.1,55.8,3,0
-5.1,55.85,4,0
-5.1,55.9,4,0
-5.1,55.95,0,0
-5.1,56.0,0,0
-5.1,56.05,0,0
-5.1,56.1,0,0
-5.1,56.15,18,0
-5.1,56.2,6,0
-5.1,56.25,21,0
-5.1,56.3,0,0
-5.1,56.35,1,0
-5.1,56.4,2,0
-5.1,56.45,0,0
-5.1,56.5,0,0
-5.1,56.55,0,0
-5.1,56.6,0,0
-5.1,56.65,1,253
-5.1,56.7,13,253
-5.1,56.75,0,0
-5.1,56.8,340,957
-5.1,56.85,409,1046
-5.1,56.9,0,0
-5.1,56.95,0,0
-5.1,57.0,0,0
-5.1,57.05,0,0
-5.1,57.1,0,0
-5.1,57.15,0,0
-5.1,57.2,0,0
-5.1,57.25,0,0
-5.1,57.3,0,0
-5.1,57.35,0,0
-5.1,57.4,0,0
-5.1,57.45,0,0
-5.1,57.5,0,0
-5.1,57.55,1,0
-5.1,57.6,1,0
-5.1,57.65,0,0
-5.1,57.7,0,0
-5.1,57.75,0,0
-5.1,57.8,1,0
-5.1,57.85,4,0
-5.1,57.9,0,0
-5.1,57.95,0,0
-5.1,58.0,1,0
-5.1,58.05,0,0
-5.1,58.1,0,0
-5.1,58.15,0,0
-5.1,58.2,0,0
-5.1,58.25,1,0
-5.1,58.3,0,0
-5.1,58.35,1,0
-5.1,58.4,1,0
-5.1,58.45,0,0
-5.1,58.5,5,0
-5.1,58.55,0,0
-5.05,54.8,7,0
-5.05,54.85,8,0
-5.05,54.9,435,0
-5.05,54.95,40,6
-5.05,55.0,8,0
-5.05,55.05,0,0
-5.05,55.5,16,0
-5.05,55.55,4,0
-5.05,55.75,9,0
-5.05,55.8,3,0
-5.05,55.85,627,131
-5.05,55.9,2,0
-5.05,55.95,0,0
-5.05,56.0,0,0
-5.05,56.05,0,0
-5.05,56.1,0,0
-5.05,56.15,20,0
-5.05,56.2,2,0
-5.05,56.25,1,0
-5.05,56.3,0,0
-5.05,56.35,1,0
-5.05,56.4,8,19
-5.05,56.45,0,0
-5.05,56.5,0,0
-5.05,56.55,0,0
-5.05,56.6,0,0
-5.05,56.65,1,0
-5.05,56.7,0,0
-5.05,56.75,0,0
-5.05,56.8,0,0
-5.05,56.85,12,22
-5.05,56.9,1,0
-5.05,56.95,0,0
-5.05,57.0,0,0
-5.05,57.05,0,0
-5.05,57.1,0,0
-5.05,57.15,0,0
-5.05,57.2,0,0
-5.05,57.25,0,0
-5.05,57.3,0,0
-5.05,57.35,0,0
-5.05,57.4,0,0
-5.05,57.45,0,0
-5.05,57.5,0,0
-5.05,57.55,0,78
-5.05,57.6,0,78
-5.05,57.65,0,0
-5.05,57.7,0,0
-5.05,57.75,0,0
-5.05,57.8,5,0
-5.05,57.85,0,0
-5.05,57.9,0,0
-5.05,57.95,0,0
-5.05,58.0,0,0
-5.05,58.05,0,12
-5.05,58.1,0,0
-5.05,58.15,0,0
-5.05,58.2,0,0
-5.05,58.25,2,0
-5.05,58.3,0,0
-5.05,58.35,0,0
-5.05,58.4,0,0
-5.05,58.45,10,0
-5.05,58.5,0,0
-5.05,58.55,0,0
-5.0,54.75,6,0
-5.0,54.8,7,0
-5.0,54.85,25,0
-5.0,54.9,267,269
-5.0,54.95,17,0
-5.0,55.0,0,0
-5.0,55.05,2,0
-5.0,55.1,46,91
-5.0,55.15,9,0
-5.0,55.75,2,0
-5.0,55.8,5,0
-5.0,55.85,64,0
-5.0,55.9,2,0
-5.0,55.95,0,0
-5.0,56.0,2,0
-5.0,56.05,4,0
-5.0,56.1,0,0
-5.0,56.15,0,0
-5.0,56.2,0,0
-5.0,56.25,1,0
-5.0,56.3,0,0
-5.0,56.35,0,0
-5.0,56.4,7,0
-5.0,56.45,0,0
-5.0,56.5,0,0
-5.0,56.55,0,0
-5.0,56.6,0,0
-5.0,56.65,1,0
-5.0,56.7,1,0
-5.0,56.75,0,0
-5.0,56.8,0,0
-5.0,56.85,3,49
-5.0,56.9,5,0
-5.0,56.95,0,0
-5.0,57.0,0,0
-5.0,57.05,0,0
-5.0,57.1,0,0
-5.0,57.15,0,0
-5.0,57.2,0,0
-5.0,57.25,0,0
-5.0,57.3,0,0
-5.0,57.35,0,0
-5.0,57.4,0,0
-5.0,57.45,0,0
-5.0,57.5,0,0
-5.0,57.55,0,0
-5.0,57.6,0,0
-5.0,57.65,0,0
-5.0,57.7,0,0
-5.0,57.75,0,0
-5.0,57.8,0,0
-5.0,57.85,0,0
-5.0,57.9,0,0
-5.0,57.95,0,0
-5.0,58.0,0,0
-5.0,58.05,0,0
-5.0,58.1,0,0
-5.0,58.15,0,0
-5.0,58.2,1,0
-5.0,58.25,3,0
-5.0,58.3,0,0
-5.0,58.35,0,0
-5.0,58.4,0,0
-5.0,58.45,2,0
-5.0,58.5,0,0
-5.0,58.55,0,0
-5.0,58.6,0,0
-4.95,54.65,4,0
-4.95,54.7,2,0
-4.95,54.75,11,28
-4.95,54.8,40,0
-4.95,54.85,17,0
-4.95,54.9,23,0
-4.95,54.95,1,0
-4.95,55.0,0,0
-4.95,55.05,0,0
-4.95,55.1,3,0
-4.95,55.15,4,0
-4.95,55.2,82,0
-4.95,55.7,0,0
-4.95,55.75,126,26
-4.95,55.8,4,0
-4.95,55.9,135,0
-4.95,55.95,278,1
-4.95,56.0,106,1
-4.95,56.05,1,0
-4.95,56.1,1,0
-4.95,56.15,1,0
-4.95,56.2,0,0
-4.95,56.25,5,0
-4.95,56.3,0,0
-4.95,56.35,0,0
-4.95,56.4,12,0
-4.95,56.45,0,0
-4.95,56.5,0,0
-4.95,56.55,0,0
-4.95,56.6,0,0
-4.95,56.65,0,0
-4.95,56.7,61,1
-4.95,56.75,0,0
-4.95,56.8,0,0
-4.95,56.85,0,0
-4.95,56.9,9,0
-4.95,56.95,1,0
-4.95,57.0,0,0
-4.95,57.05,0,0
-4.95,57.1,0,0
-4.95,57.15,1,0
-4.95,57.2,0,0
-4.95,57.25,0,0
-4.95,57.3,0,0
-4.95,57.35,0,0
-4.95,57.4,0,0
-4.95,57.45,0,0
-4.95,57.5,0,0
-4.95,57.55,0,0
-4.95,57.6,0,0
-4.95,57.65,0,0
-4.95,57.7,0,0
-4.95,57.75,0,0
-4.95,57.8,0,0
-4.95,57.85,0,0
-4.95,57.9,0,0
-4.95,57.95,0,0
-4.95,58.0,0,0
-4.95,58.05,1,0
-4.95,58.1,2,0
-4.95,58.15,0,0
-4.95,58.2,0,0
-4.95,58.25,0,0
-4.95,58.3,0,0
-4.95,58.35,0,0
-4.95,58.4,0,0
-4.95,58.45,0,0
-4.95,58.5,0,0
-4.95,58.55,0,0
-4.95,58.6,0,0
-4.9,54.65,7,0
-4.9,54.7,28,0
-4.9,54.75,9,0
-4.9,54.85,5,0
-4.9,54.9,17,0
-4.9,54.95,0,0
-4.9,55.0,0,0
-4.9,55.05,0,0
-4.9,55.1,0,0
-4.9,55.15,11,0
-4.9,55.2,4,0
-4.9,55.7,14,0
-4.9,55.75,189,0
-4.9,55.8,92,0
-4.9,55.85,439,310
-4.9,55.9,602,310
-4.9,55.95,1397,259
-4.9,56.0,84,0
-4.9,56.05,16,0
-4.9,56.1,2,0
-4.9,56.15,12,0
-4.9,56.2,2,0
-4.9,56.25,1,33
-4.9,56.3,0,33
-4.9,56.35,0,0
-4.9,56.4,1,0
-4.9,56.45,1,0
-4.9,56.5,0,0
-4.9,56.55,0,0
-4.9,56.6,0,0
-4.9,56.65,1,0
-4.9,56.7,0,0
-4.9,56.75,0,0
-4.9,56.8,0,0
-4.9,56.85,0,0
-4.9,56.9,39,0
-4.9,56.95,1,0
-4.9,57.0,0,0
-4.9,57.05,0,0
-4.9,57.1,0,0
-4.9,57.15,0,0
-4.9,57.2,0,0
-4.9,57.25,0,0
-4.9,57.3,0,0
-4.9,57.35,0,0
-4.9,57.4,0,0
-4.9,57.45,0,0
-4.9,57.5,0,0
-4.9,57.55,0,0
-4.9,57.6,0,0
-4.9,57.65,0,0
-4.9,57.7,0,0
-4.9,57.75,0,0
-4.9,57.8,0,0
-4.9,57.85,0,0
-4.9,57.9,0,0
-4.9,57.95,0,0
-4.9,58.0,0,0
-4.9,58.05,0,0
-4.9,58.1,0,0
-4.9,58.15,0,0
-4.9,58.2,0,0
-4.9,58.25,0,0
-4.9,58.3,0,0
-4.9,58.35,0,0
-4.9,58.4,0,0
-4.9,58.45,0,0
-4.9,58.5,0,0
-4.9,58.55,0,0
-4.9,58.6,0,0
-4.85,54.65,2,0
-4.85,54.7,31,0
-4.85,54.85,8,0
-4.85,54.9,3,0
-4.85,54.95,4,0
-4.85,55.0,0,0
-4.85,55.05,0,0
-4.85,55.1,1,0
-4.85,55.15,5,0
-4.85,55.2,3,0
-4.85,55.25,625,331
-4.85,55.3,35,315
-4.85,55.35,14,0
-4.85,55.65,5,0
-4.85,55.7,324,191
-4.85,55.75,131,90
-4.85,55.8,707,70
-4.85,55.85,1,0
-4.85,55.9,168,61
-4.85,55.95,645,0
-4.85,56.0,122,8
-4.85,56.05,13,0
-4.85,56.1,137,0
-4.85,56.15,0,0
-4.85,56.2,0,0
-4.85,56.25,0,0
-4.85,56.3,0,0
-4.85,56.35,0,0
-4.85,56.4,0,0
-4.85,56.45,0,0
-4.85,56.5,0,0
-4.85,56.55,0,0
-4.85,56.6,0,0
-4.85,56.65,1,96
-4.85,56.7,0,0
-4.85,56.75,0,0
-4.85,56.8,0,0
-4.85,56.85,0,0
-4.85,56.9,28,43
-4.85,56.95,0,0
-4.85,57.0,1,0
-4.85,57.05,1,0
-4.85,57.1,0,0
-4.85,57.15,0,0
-4.85,57.2,0,0
-4.85,57.25,0,0
-4.85,57.3,0,0
-4.85,57.35,0,0
-4.85,57.4,0,0
-4.85,57.45,0,0
-4.85,57.5,0,0
-4.85,57.55,2,0
-4.85,57.6,1,0
-4.85,57.65,0,0
-4.85,57.7,0,0
-4.85,57.75,0,0
-4.85,57.8,0,0
-4.85,57.85,0,0
-4.85,57.9,0,0
-4.85,57.95,0,0
-4.85,58.0,0,0
-4.85,58.05,0,0
-4.85,58.1,0,0
-4.85,58.15,0,0
-4.85,58.2,0,0
-4.85,58.25,0,0
-4.85,58.3,0,0
-4.85,58.35,0,0
-4.85,58.4,0,0
-4.85,58.45,0,0
-4.85,58.5,0,0
-4.85,58.55,0,0
-4.85,58.6,0,0
-4.8,54.85,12,0
-4.8,54.9,43,0
-4.8,54.95,0,0
-4.8,55.0,0,0
-4.8,55.05,0,0
-4.8,55.1,2,0
-4.8,55.15,2,0
-4.8,55.2,4,0
-4.8,55.25,5,0
-4.8,55.3,4,0
-4.8,55.35,79,246
-4.8,55.65,1728,929
-4.8,55.7,2,0
-4.8,55.75,0,0
-4.8,55.8,0,0
-4.8,55.85,0,0
-4.8,55.9,0,0
-4.8,55.95,1834,56
-4.8,56.0,316,0
-4.8,56.05,103,0
-4.8,56.1,6,0
-4.8,56.15,1,0
-4.8,56.2,1,0
-4.8,56.25,0,0
-4.8,56.3,0,0
-4.8,56.35,0,0
-4.8,56.4,0,0
-4.8,56.45,0,0
-4.8,56.5,0,0
-4.8,56.55,0,0
-4.8,56.6,0,0
-4.8,56.65,0,37
-4.8,56.7,0,0
-4.8,56.75,0,0
-4.8,56.8,0,0
-4.8,56.85,0,0
-4.8,56.9,0,0
-4.8,56.95,0,0
-4.8,57.0,0,0
-4.8,57.05,12,0
-4.8,57.1,0,0
-4.8,57.15,1,0
-4.8,57.2,0,0
-4.8,57.25,0,0
-4.8,57.3,1,0
-4.8,57.35,2,0
-4.8,57.4,0,0
-4.8,57.45,0,0
-4.8,57.5,0,0
-4.8,57.55,0,0
-4.8,57.6,0,0
-4.8,57.65,0,0
-4.8,57.7,0,0
-4.8,57.75,0,0
-4.8,57.8,0,0
-4.8,57.85,0,0
-4.8,57.9,0,0
-4.8,57.95,0,0
-4.8,58.0,0,0
-4.8,58.05,0,0
-4.8,58.1,0,0
-4.8,58.15,0,0
-4.8,58.2,0,0
-4.8,58.25,0,0
-4.8,58.3,0,0
-4.8,58.35,0,0
-4.8,58.4,0,0
-4.8,58.45,0,0
-4.8,58.5,0,0
-4.8,58.55,0,0
-4.8,58.6,3,0
-4.75,54.85,6,0
-4.75,54.9,1,0
-4.75,54.95,0,0
-4.75,55.0,0,0
-4.75,55.05,0,0
-4.75,55.1,11,20
-4.75,55.15,0,0
-4.75,55.2,6,0
-4.75,55.25,2,0
-4.75,55.3,20,0
-4.75,55.35,16,18
-4.75,55.4,40,0
-4.75,55.6,22,0
-4.75,55.65,676,122
-4.75,55.7,144,0
-4.75,55.75,1,0
-4.75,55.8,0,0
-4.75,55.85,0,0
-4.75,55.9,0,0
-4.75,55.95,2258,341
-4.75,56.0,1069,1526
-4.75,56.05,0,0
-4.75,56.1,0,0
-4.75,56.15,0,0
-4.75,56.2,40,67
-4.75,56.25,0,0
-4.75,56.3,0,0
-4.75,56.35,0,0
-4.75,56.4,0,0
-4.75,56.45,0,0
-4.75,56.5,1,6
-4.75,56.55,0,0
-4.75,56.6,0,0
-4.75,56.65,0,0
-4.75,56.7,0,0
-4.75,56.75,0,0
-4.75,56.8,0,0
-4.75,56.85,0,0
-4.75,56.9,0,0
-4.75,56.95,0,0
-4.75,57.0,0,0
-4.75,57.05,0,0
-4.75,57.1,1,0
-4.75,57.15,0,0
-4.75,57.2,0,0
-4.75,57.25,0,0
-4.75,57.3,0,0
-4.75,57.35,18,0
-4.75,57.4,0,0
-4.75,57.45,0,0
-4.75,57.5,0,0
-4.75,57.55,0,0
-4.75,57.6,0,0
-4.75,57.65,0,0
-4.75,57.7,0,0
-4.75,57.75,0,0
-4.75,57.8,0,0
-4.75,57.85,0,0
-4.75,57.9,0,0
-4.75,57.95,0,0
-4.75,58.0,0,0
-4.75,58.05,0,0
-4.75,58.1,0,0
-4.75,58.15,0,0
-4.75,58.2,0,0
-4.75,58.25,0,0
-4.75,58.3,0,0
-4.75,58.35,0,0
-4.75,58.4,0,0
-4.75,58.45,1,0
-4.75,58.5,0,0
-4.75,58.55,10,128
-4.75,58.6,7,0
-4.7,54.8,14,0
-4.7,54.85,1,0
-4.7,54.9,1,0
-4.7,54.95,0,11
-4.7,55.0,0,0
-4.7,55.05,1,0
-4.7,55.1,0,0
-4.7,55.15,0,0
-4.7,55.2,8,0
-4.7,55.25,2,8
-4.7,55.3,38,8
-4.7,55.35,257,128
-4.7,55.4,4,0
-4.7,55.45,33,0
-4.7,55.55,449,0
-4.7,55.6,154,586
-4.7,55.65,977,230
-4.7,55.7,216,130
-4.7,55.75,444,112
-4.7,55.8,0,0
-4.7,55.85,0,0
-4.7,55.9,21,0
-4.7,55.95,944,188
-4.7,56.0,613,43
-4.7,56.05,0,0
-4.7,56.1,0,0
-4.7,56.15,0,0
-4.7,56.2,12,0
-4.7,56.25,1,59
-4.7,56.3,1,0
-4.7,56.35,0,0
-4.7,56.4,0,0
-4.7,56.45,9,0
-4.7,56.5,0,0
-4.7,56.55,0,0
-4.7,56.6,0,0
-4.7,56.65,0,0
-4.7,56.7,0,0
-4.7,56.75,0,0
-4.7,56.8,0,0
-4.7,56.85,0,0
-4.7,56.9,0,0
-4.7,56.95,0,0
-4.7,57.0,0,0
-4.7,57.05,0,0
-4.7,57.1,0,0
-4.7,57.15,46,700
-4.7,57.2,1,0
-4.7,57.25,0,0
-4.7,57.3,0,0
-4.7,57.35,4,0
-4.7,57.4,1,0
-4.7,57.45,0,0
-4.7,57.5,0,0
-4.7,57.55,1,0
-4.7,57.6,7,0
-4.7,57.65,2,0
-4.7,57.7,1,0
-4.7,57.75,0,0
-4.7,57.8,0,0
-4.7,57.85,0,0
-4.7,57.9,0,0
-4.7,57.95,0,0
-4.7,58.0,0,0
-4.7,58.05,0,0
-4.7,58.1,0,0
-4.7,58.15,0,0
-4.7,58.2,0,0
-4.7,58.25,0,0
-4.7,58.3,0,0
-4.7,58.35,0,0
-4.7,58.4,0,0
-4.7,58.45,0,0
-4.7,58.5,0,0
-4.7,58.55,1,0
-4.65,54.8,3,0
-4.65,54.85,0,0
-4.65,54.9,1,0
-4.65,54.95,1,0
-4.65,55.0,0,0
-4.65,55.05,0,0
-4.65,55.1,1,0
-4.65,55.15,0,0
-4.65,55.2,0,0
-4.65,55.25,0,0
-4.65,55.3,13,0
-4.65,55.35,52,0
-4.65,55.4,28,72
-4.65,55.45,1268,546
-4.65,55.5,6,0
-4.65,55.55,1330,325
-4.65,55.6,1056,560
-4.65,55.65,804,112
-4.65,55.7,5,0
-4.65,55.75,379,88
-4.65,55.8,134,100
-4.65,55.85,10,0
-4.65,55.9,487,56
-4.65,55.95,688,73
-4.65,56.0,3,0
-4.65,56.05,5,0
-4.65,56.1,8,0
-4.65,56.15,2,0
-4.65,56.2,0,0
-4.65,56.25,1,0
-4.65,56.3,0,0
-4.65,56.35,0,0
-4.65,56.4,1,0
-4.65,56.45,0,0
-4.65,56.5,0,0
-4.65,56.55,0,0
-4.65,56.6,0,0
-4.65,56.65,0,0
-4.65,56.7,0,0
-4.65,56.75,0,0
-4.65,56.8,0,0
-4.65,56.85,0,0
-4.65,56.9,0,0
-4.65,56.95,0,0
-4.65,57.0,0,0
-4.65,57.05,0,0
-4.65,57.1,0,0
-4.65,57.15,4,0
-4.65,57.2,2,0
-4.65,57.25,0,0
-4.65,57.3,0,0
-4.65,57.35,6,0
-4.65,57.4,1,0
-4.65,57.45,1,0
-4.65,57.5,0,0
-4.65,57.55,1,0
-4.65,57.6,1,0
-4.65,57.65,1,0
-4.65,57.7,0,0
-4.65,57.75,0,0
-4.65,57.8,0,0
-4.65,57.85,0,0
-4.65,57.9,0,0
-4.65,57.95,0,0
-4.65,58.0,0,0
-4.65,58.05,0,0
-4.65,58.1,0,0
-4.65,58.15,0,0
-4.65,58.2,0,0
-4.65,58.25,0,0
-4.65,58.3,0,0
-4.65,58.35,0,0
-4.65,58.4,0,0
-4.65,58.45,0,0
-4.65,58.5,0,0
-4.65,58.55,0,0
-4.6,54.75,325,14
-4.6,54.8,5,0
-4.6,54.85,1,0
-4.6,54.9,27,0
-4.6,54.95,2,0
-4.6,55.0,1,0
-4.6,55.05,2,0
-4.6,55.1,2,0
-4.6,55.15,0,0
-4.6,55.2,0,0
-4.6,55.25,0,0
-4.6,55.3,4,0
-4.6,55.35,32,0
-4.6,55.4,99,0
-4.6,55.45,1711,1121
-4.6,55.5,1272,840
-4.6,55.55,50,0
-4.6,55.6,544,55
-4.6,55.65,108,0
-4.6,55.7,8,0
-4.6,55.75,52,0
-4.6,55.8,57,106
-4.6,55.85,182,0
-4.6,55.9,105,75
-4.6,55.95,652,32
-4.6,56.0,544,814
-4.6,56.05,0,0
-4.6,56.1,0,0
-4.6,56.15,0,0
-4.6,56.2,0,0
-4.6,56.25,1,0
-4.6,56.3,0,0
-4.6,56.35,0,0
-4.6,56.4,10,167
-4.6,56.45,0,0
-4.6,56.5,0,0
-4.6,56.55,0,0
-4.6,56.6,0,0
-4.6,56.65,0,0
-4.6,56.7,0,0
-4.6,56.75,0,0
-4.6,56.8,0,0
-4.6,56.85,0,0
-4.6,56.9,0,0
-4.6,56.95,0,0
-4.6,57.0,0,0
-4.6,57.05,0,0
-4.6,57.1,0,0
-4.6,57.15,0,0
-4.6,57.2,4,0
-4.6,57.25,0,0
-4.6,57.3,0,0
-4.6,57.35,13,0
-4.6,57.4,0,0
-4.6,57.45,1,0
-4.6,57.5,0,0
-4.6,57.55,24,0
-4.6,57.6,4,0
-4.6,57.65,0,0
-4.6,57.7,0,0
-4.6,57.75,0,0
-4.6,57.8,0,0
-4.6,57.85,0,0
-4.6,57.9,0,0
-4.6,57.95,0,0
-4.6,58.0,2,0
-4.6,58.05,0,0
-4.6,58.1,0,0
-4.6,58.15,0,0
-4.6,58.2,0,0
-4.6,58.25,0,0
-4.6,58.3,0,0
-4.6,58.35,0,0
-4.6,58.4,0,0
-4.6,58.45,0,0
-4.6,58.5,0,0
-4.6,58.55,0,0
-4.6,58.6,0,0
-4.55,54.75,10,0
-4.55,54.8,5,0
-4.55,54.85,3,0
-4.55,54.9,4,0
-4.55,54.95,3,0
-4.55,55.0,2,0
-4.55,55.05,0,0
-4.55,55.1,0,0
-4.55,55.15,0,0
-4.55,55.2,0,0
-4.55,55.25,0,0
-4.55,55.3,12,0
-4.55,55.35,2,0
-4.55,55.4,13,0
-4.55,55.45,17,0
-4.55,55.5,85,32
-4.55,55.55,89,1
-4.55,55.6,238,101
-4.55,55.65,147,0
-4.55,55.7,138,0
-4.55,55.75,13,0
-4.55,55.8,280,388
-4.55,55.85,788,558
-4.55,55.9,11,0
-4.55,55.95,1191,481
-4.55,56.0,687,86
-4.55,56.05,14,76
-4.55,56.1,3,78
-4.55,56.15,0,0
-4.55,56.2,0,0
-4.55,56.25,0,0
-4.55,56.3,0,0
-4.55,56.35,1,0
-4.55,56.4,0,0
-4.55,56.45,0,0
-4.55,56.5,0,0
-4.55,56.55,0,0
-4.55,56.6,0,0
-4.55,56.65,0,0
-4.55,56.7,0,0
-4.55,56.75,0,0
-4.55,56.8,0,0
-4.55,56.85,0,0
-4.55,56.9,0,0
-4.55,56.95,0,0
-4.55,57.0,0,0
-4.55,57.05,0,0
-4.55,57.1,0,0
-4.55,57.15,0,0
-4.55,57.2,2,0
-4.55,57.25,1,0
-4.55,57.3,0,0
-4.55,57.35,6,0
-4.55,57.4,1,0
-4.55,57.45,17,0
-4.55,57.5,2,0
-4.55,57.55,31,0
-4.55,57.6,90,136
-4.55,57.65,0,0
-4.55,57.7,0,0
-4.55,57.75,0,0
-4.55,57.8,0,0
-4.55,57.85,0,0
-4.55,57.9,1,0
-4.55,57.95,2,0
-4.55,58.0,2,0
-4.55,58.05,0,0
-4.55,58.1,0,0
-4.55,58.15,0,0
-4.55,58.2,0,0
-4.55,58.25,0,0
-4.55,58.3,0,0
-4.55,58.35,0,0
-4.55,58.4,0,0
-4.55,58.45,0,0
-4.55,58.5,0,0
-4.55,58.55,0,0
-4.55,58.6,0,0
-4.5,54.7,6,0
-4.5,54.75,3,0
-4.5,54.8,10,0
-4.5,54.85,5,0
-4.5,54.9,1,0
-4.5,54.95,215,239
-4.5,55.0,0,0
-4.5,55.05,0,0
-4.5,55.1,0,0
-4.5,55.15,0,0
-4.5,55.2,0,0
-4.5,55.25,0,0
-4.5,55.3,0,0
-4.5,55.35,132,36
-4.5,55.4,3,0
-4.5,55.45,208,149
-4.5,55.5,214,54
-4.5,55.55,12,0
-4.5,55.6,1870,4103
-4.5,55.65,566,427
-4.5,55.7,373,186
-4.5,55.75,48,0
-4.5,55.8,86,25
-4.5,55.85,1520,787
-4.5,55.9,312,106
-4.5,55.95,55,0
-4.5,56.0,1,0
-4.5,56.05,23,0
-4.5,56.1,5,0
-4.5,56.15,0,0
-4.5,56.2,7,0
-4.5,56.25,0,0
-4.5,56.3,0,0
-4.5,56.35,0,0
-4.5,56.4,0,0
-4.5,56.45,0,0
-4.5,56.5,0,0
-4.5,56.55,0,0
-4.5,56.6,0,0
-4.5,56.65,0,0
-4.5,56.7,0,0
-4.5,56.75,0,0
-4.5,56.8,0,0
-4.5,56.85,0,0
-4.5,56.9,0,0
-4.5,56.95,0,0
-4.5,57.0,0,0
-4.5,57.05,0,0
-4.5,57.1,0,0
-4.5,57.15,0,0
-4.5,57.2,3,0
-4.5,57.25,17,0
-4.5,57.3,11,0
-4.5,57.35,67,190
-4.5,57.4,12,0
-4.5,57.45,63,0
-4.5,57.5,18,0
-4.5,57.55,13,0
-4.5,57.6,18,0
-4.5,57.65,0,0
-4.5,57.7,0,0
-4.5,57.75,0,0
-4.5,57.8,0,0
-4.5,57.85,0,0
-4.5,57.9,1,0
-4.5,57.95,2,0
-4.5,58.0,0,0
-4.5,58.05,0,0
-4.5,58.1,0,0
-4.5,58.15,0,0
-4.5,58.2,0,0
-4.5,58.25,0,0
-4.5,58.3,0,0
-4.5,58.35,0,0
-4.5,58.4,0,0
-4.5,58.45,0,0
-4.5,58.5,0,0
-4.5,58.55,0,0
-4.45,54.7,4,0
-4.45,54.75,4,0
-4.45,54.8,14,0
-4.45,54.85,76,88
-4.45,54.9,3,0
-4.45,54.95,43,0
-4.45,55.0,0,0
-4.45,55.05,0,0
-4.45,55.1,0,0
-4.45,55.15,0,0
-4.45,55.2,0,0
-4.45,55.25,1,0
-4.45,55.3,0,0
-4.45,55.35,4,0
-4.45,55.4,23,0
-4.45,55.45,209,81
-4.45,55.5,9,0
-4.45,55.55,14,0
-4.45,55.6,590,238
-4.45,55.65,91,0
-4.45,55.7,7,0
-4.45,55.75,3,0
-4.45,55.8,779,45
-4.45,55.85,1904,739
-4.45,55.9,1500,234
-4.45,55.95,124,54
-4.45,56.0,2,0
-4.45,56.05,87,0
-4.45,56.1,2,0
-4.45,56.15,1,0
-4.45,56.2,3,0
-4.45,56.25,1,0
-4.45,56.3,0,0
-4.45,56.35,0,0
-4.45,56.4,1,0
-4.45,56.45,0,0
-4.45,56.5,0,0
-4.45,56.55,0,0
-4.45,56.6,0,0
-4.45,56.65,0,0
-4.45,56.7,1,0
-4.45,56.75,0,0
-4.45,56.8,0,0
-4.45,56.85,0,0
-4.45,56.9,0,0
-4.45,56.95,0,0
-4.45,57.0,0,0
-4.45,57.05,0,0
-4.45,57.1,0,0
-4.45,57.15,0,0
-4.45,57.2,0,0
-4.45,57.25,6,0
-4.45,57.3,6,0
-4.45,57.35,31,0
-4.45,57.4,7,0
-4.45,57.45,18,0
-4.45,57.5,312,83
-4.45,57.55,186,44
-4.45,57.6,313,57
-4.45,57.65,0,0
-4.45,57.7,0,0
-4.45,57.75,0,0
-4.45,57.8,0,0
-4.45,57.85,0,0
-4.45,57.9,1,0
-4.45,57.95,2,0
-4.45,58.0,0,0
-4.45,58.05,1,0
-4.45,58.1,2,0
-4.45,58.15,0,0
-4.45,58.2,0,0
-4.45,58.25,0,0
-4.45,58.3,1,0
-4.45,58.35,0,0
-4.45,58.4,0,0
-4.45,58.45,0,0
-4.45,58.5,7,0
-4.45,58.55,9,0
-4.4,54.7,6,0
-4.4,54.75,54,20
-4.4,54.8,6,0
-4.4,54.85,6,0
-4.4,54.9,55,0
-4.4,54.95,5,0
-4.4,55.0,0,0
-4.4,55.05,0,0
-4.4,55.1,0,0
-4.4,55.15,0,0
-4.4,55.2,0,0
-4.4,55.25,0,0
-4.4,55.3,125,100
-4.4,55.35,52,100
-4.4,55.4,3,0
-4.4,55.45,11,0
-4.4,55.5,163,329
-4.4,55.55,10,0
-4.4,55.6,207,0
-4.4,55.65,16,0
-4.4,55.7,4,0
-4.4,55.75,4,0
-4.4,55.8,1151,150
-4.4,55.85,2653,1575
-4.4,55.9,2290,1173
-4.4,55.95,501,0
-4.4,56.0,5,0
-4.4,56.05,48,0
-4.4,56.1,4,0
-4.4,56.15,18,272
-4.4,56.2,50,272
-4.4,56.25,5,0
-4.4,56.3,0,0
-4.4,56.35,1,0
-4.4,56.4,0,0
-4.4,56.45,0,0
-4.4,56.5,0,0
-4.4,56.55,0,0
-4.4,56.6,0,0
-4.4,56.65,0,0
-4.4,56.7,1,0
-4.4,56.75,0,0
-4.4,56.8,0,0
-4.4,56.85,0,0
-4.4,56.9,0,0
-4.4,56.95,0,0
-4.4,57.0,0,0
-4.4,57.05,0,0
-4.4,57.1,0,0
-4.4,57.15,0,0
-4.4,57.2,0,0
-4.4,57.25,5,0
-4.4,57.3,1,0
-4.4,57.35,2,0
-4.4,57.4,9,0
-4.4,57.45,28,0
-4.4,57.5,79,0
-4.4,57.55,36,0
-4.4,57.6,201,220
-4.4,57.65,1,0
-4.4,57.7,0,0
-4.4,57.75,1,0
-4.4,57.8,0,0
-4.4,57.85,1,0
-4.4,57.9,8,0
-4.4,57.95,5,26
-4.4,58.0,33,56
-4.4,58.05,15,56
-4.4,58.1,0,0
-4.4,58.15,0,0
-4.4,58.2,0,0
-4.4,58.25,0,0
-4.4,58.3,0,0
-4.4,58.35,0,0
-4.4,58.4,0,0
-4.4,58.45,1,29
-4.4,58.5,11,29
-4.4,58.55,2,0
-4.35,54.7,60,0
-4.35,54.75,7,0
-4.35,54.8,42,0
-4.35,54.85,8,0
-4.35,54.9,13,15
-4.35,54.95,0,0
-4.35,55.0,0,0
-4.35,55.05,0,0
-4.35,55.1,0,0
-4.35,55.15,0,0
-4.35,55.2,0,0
-4.35,55.25,0,0
-4.35,55.3,0,0
-4.35,55.35,4,0
-4.35,55.4,2,0
-4.35,55.45,74,15
-4.35,55.5,194,92
-4.35,55.55,6,0
-4.35,55.6,208,0
-4.35,55.65,3,0
-4.35,55.7,1,0
-4.35,55.75,366,0
-4.35,55.8,1873,86
-4.35,55.85,3054,1284
-4.35,55.9,3913,1998
-4.35,55.95,793,0
-4.35,56.0,6,0
-4.35,56.05,198,341
-4.35,56.1,7,278
-4.35,56.15,15,0
-4.35,56.2,4,0
-4.35,56.25,2,0
-4.35,56.3,5,0
-4.35,56.35,5,0
-4.35,56.4,0,0
-4.35,56.45,3,0
-4.35,56.5,0,0
-4.35,56.55,0,0
-4.35,56.6,0,0
-4.35,56.65,0,0
-4.35,56.7,0,0
-4.35,56.75,0,0
-4.35,56.8,0,0
-4.35,56.85,0,0
-4.35,56.9,0,0
-4.35,56.95,0,0
-4.35,57.0,0,0
-4.35,57.05,0,0
-4.35,57.1,0,0
-4.35,57.15,0,0
-4.35,57.2,0,0
-4.35,57.25,1,0
-4.35,57.3,2,0
-4.35,57.35,4,0
-4.35,57.4,15,0
-4.35,57.45,8,0
-4.35,57.5,23,0
-4.35,57.55,26,0
-4.35,57.6,83,32
-4.35,57.65,149,0
-4.35,57.7,0,0
-4.35,57.75,3,0
-4.35,57.8,0,0
-4.35,57.85,3,0
-4.35,57.9,67,34
-4.35,57.95,0,0
-4.35,58.0,2,0
-4.35,58.05,0,0
-4.35,58.1,0,0
-4.35,58.15,0,0
-4.35,58.2,0,0
-4.35,58.25,0,0
-4.35,58.3,0,0
-4.35,58.35,0,0
-4.35,58.4,0,0
-4.35,58.45,0,0
-4.35,58.5,3,0
-4.35,58.55,2,0
-4.3,54.85,6,0
-4.3,54.9,0,0
-4.3,54.95,0,0
-4.3,55.0,0,0
-4.3,55.05,1,0
-4.3,55.1,0,0
-4.3,55.15,0,0
-4.3,55.2,0,0
-4.3,55.25,0,0
-4.3,55.3,0,0
-4.3,55.35,0,0
-4.3,55.4,5,0
-4.3,55.45,191,0
-4.3,55.5,112,0
-4.3,55.55,2,0
-4.3,55.6,244,311
-4.3,55.65,2,0
-4.3,55.7,1,0
-4.3,55.75,440,148
-4.3,55.8,2829,529
-4.3,55.85,4106,2273
-4.3,55.9,3756,1277
-4.3,55.95,501,377
-4.3,56.0,125,0
-4.3,56.05,10,0
-4.3,56.1,41,29
-4.3,56.15,2,0
-4.3,56.2,2,0
-4.3,56.25,1,0
-4.3,56.3,2,29
-4.3,56.35,7,29
-4.3,56.4,15,0
-4.3,56.45,49,158
-4.3,56.5,1,0
-4.3,56.55,0,0
-4.3,56.6,0,0
-4.3,56.65,0,0
-4.3,56.7,0,0
-4.3,56.75,0,0
-4.3,56.8,0,0
-4.3,56.85,0,0
-4.3,56.9,0,0
-4.3,56.95,0,0
-4.3,57.0,3,33
-4.3,57.05,0,0
-4.3,57.1,0,0
-4.3,57.15,0,0
-4.3,57.2,0,0
-4.3,57.25,0,0
-4.3,57.3,1,0
-4.3,57.35,2,0
-4.3,57.4,3,0
-4.3,57.45,9,0
-4.3,57.5,52,0
-4.3,57.55,18,0
-4.3,57.6,13,0
-4.3,57.65,22,0
-4.3,57.7,39,114
-4.3,57.75,7,0
-4.3,57.8,0,0
-4.3,57.85,3,0
-4.3,57.9,3,0
-4.3,57.95,0,0
-4.3,58.0,1,0
-4.3,58.05,0,0
-4.3,58.1,0,0
-4.3,58.15,0,0
-4.3,58.2,0,0
-4.3,58.25,0,0
-4.3,58.3,0,0
-4.3,58.35,0,0
-4.3,58.4,0,0
-4.3,58.45,0,0
-4.3,58.5,2,0
-4.3,58.55,7,0
-4.25,54.85,6,0
-4.25,54.9,0,0
-4.25,54.95,0,0
-4.25,55.0,0,0
-4.25,55.05,1,0
-4.25,55.1,0,0
-4.25,55.15,1,0
-4.25,55.2,4,0
-4.25,55.25,0,0
-4.25,55.3,0,0
-4.25,55.35,0,0
-4.25,55.4,5,0
-4.25,55.45,603,979
-4.25,55.5,5,0
-4.25,55.55,0,0
-4.25,55.6,66,0
-4.25,55.65,1,0
-4.25,55.7,0,0
-4.25,55.75,354,88
-4.25,55.8,3135,735
-4.25,55.85,5319,3445
-4.25,55.9,2375,596
-4.25,55.95,23,0
-4.25,56.0,9,0
-4.25,56.05,14,0
-4.25,56.1,3,0
-4.25,56.15,10,0
-4.25,56.2,5,0
-4.25,56.25,8,0
-4.25,56.3,0,0
-4.25,56.35,0,0
-4.25,56.4,2,0
-4.25,56.45,0,0
-4.25,56.5,2,0
-4.25,56.55,0,0
-4.25,56.6,0,0
-4.25,56.65,0,0
-4.25,56.7,0,0
-4.25,56.75,0,0
-4.25,56.8,0,0
-4.25,56.85,0,0
-4.25,56.9,0,0
-4.25,56.95,3,0
-4.25,57.0,4,0
-4.25,57.05,0,0
-4.25,57.1,0,0
-4.25,57.15,0,0
-4.25,57.2,0,0
-4.25,57.25,1,0
-4.25,57.3,2,0
-4.25,57.35,2,0
-4.25,57.4,1,0
-4.25,57.45,762,612
-4.25,57.5,1330,424
-4.25,57.55,47,0
-4.25,57.6,8,0
-4.25,57.65,23,0
-4.25,57.7,433,49
-4.25,57.75,3,0
-4.25,57.8,1,0
-4.25,57.85,2,0
-4.25,57.9,3,0
-4.25,57.95,0,0
-4.25,58.0,2,0
-4.25,58.05,0,0
-4.25,58.1,0,0
-4.25,58.15,0,0
-4.25,58.2,0,0
-4.25,58.25,0,0
-4.25,58.3,0,0
-4.25,58.35,1,0
-4.25,58.4,0,0
-4.25,58.45,0,0
-4.25,58.5,3,0
-4.25,58.55,17,0
-4.2,54.8,7,0
-4.2,54.85,6,0
-4.2,54.9,61,160
-4.2,54.95,0,0
-4.2,55.0,1,0
-4.2,55.05,1,0
-4.2,55.1,3,0
-4.2,55.15,2,0
-4.2,55.2,2,0
-4.2,55.25,0,0
-4.2,55.3,0,0
-4.2,55.35,0,0
-4.2,55.4,148,90
-4.2,55.45,5,0
-4.2,55.5,3,0
-4.2,55.55,0,0
-4.2,55.6,5,0
-4.2,55.65,1,0
-4.2,55.7,2,0
-4.2,55.75,2492,203
-4.2,55.8,1910,365
-4.2,55.85,3341,1190
-4.2,55.9,2297,220
-4.2,55.95,302,96
-4.2,56.0,96,0
-4.2,56.05,24,47
-4.2,56.1,16,0
-4.2,56.15,15,0
-4.2,56.2,3,0
-4.2,56.25,198,365
-4.2,56.3,0,0
-4.2,56.35,0,0
-4.2,56.4,0,0
-4.2,56.45,0,0
-4.2,56.5,1,0
-4.2,56.55,0,0
-4.2,56.6,0,0
-4.2,56.65,0,0
-4.2,56.7,18,244
-4.2,56.75,0,0
-4.2,56.8,0,0
-4.2,56.85,0,0
-4.2,56.9,0,0
-4.2,56.95,0,0
-4.2,57.0,1,0
-4.2,57.05,0,0
-4.2,57.1,0,0
-4.2,57.15,0,0
-4.2,57.2,0,0
-4.2,57.25,0,0
-4.2,57.3,1,0
-4.2,57.35,10,0
-4.2,57.4,15,0
-4.2,57.45,1184,539
-4.2,57.5,911,787
-4.2,57.55,54,0
-4.2,57.6,12,0
-4.2,57.65,12,0
-4.2,57.7,208,0
-4.2,57.75,4,0
-4.2,57.8,0,0
-4.2,57.85,13,0
-4.2,57.9,1,0
-4.2,57.95,0,0
-4.2,58.0,4,0
-4.2,58.05,0,0
-4.2,58.1,0,0
-4.2,58.15,0,0
-4.2,58.2,0,0
-4.2,58.25,0,0
-4.2,58.3,0,0
-4.2,58.35,0,0
-4.2,58.4,0,0
-4.2,58.45,0,0
-4.2,58.5,4,51
-4.2,58.55,20,51
-4.15,54.8,14,0
-4.15,54.85,5,0
-4.15,54.9,2,0
-4.15,54.95,0,0
-4.15,55.0,0,0
-4.15,55.05,10,176
-4.15,55.1,43,189
-4.15,55.15,1,0
-4.15,55.2,0,0
-4.15,55.25,0,0
-4.15,55.3,0,0
-4.15,55.35,0,0
-4.15,55.4,37,4
-4.15,55.45,0,0
-4.15,55.5,2,0
-4.15,55.55,0,0
-4.15,55.6,16,0
-4.15,55.65,10,0
-4.15,55.7,2,0
-4.15,55.75,1309,1036
-4.15,55.8,1566,705
-4.15,55.85,2789,1026
-4.15,55.9,956,522
-4.15,55.95,1288,306
-4.15,56.0,0,0
-4.15,56.05,0,0
-4.15,56.1,10,26
-4.15,56.15,80,67
-4.15,56.2,5,28
-4.15,56.25,0,0
-4.15,56.3,0,0
-4.15,56.35,0,0
-4.15,56.4,1,0
-4.15,56.45,0,0
-4.15,56.5,0,0
-4.15,56.55,1,0
-4.15,56.6,1,0
-4.15,56.65,1,0
-4.15,56.7,1,0
-4.15,56.75,0,0
-4.15,56.8,0,0
-4.15,56.85,0,0
-4.15,56.9,0,0
-4.15,56.95,0,0
-4.15,57.0,1,0
-4.15,57.05,11,0
-4.15,57.1,0,0
-4.15,57.15,0,0
-4.15,57.2,0,0
-4.15,57.25,0,0
-4.15,57.3,0,0
-4.15,57.35,1,0
-4.15,57.4,13,0
-4.15,57.45,272,0
-4.15,57.5,893,0
-4.15,57.55,531,0
-4.15,57.6,117,0
-4.15,57.65,20,0
-4.15,57.7,284,63
-4.15,57.75,7,0
-4.15,57.8,1,0
-4.15,57.85,11,0
-4.15,57.9,7,0
-4.15,57.95,1,0
-4.15,58.0,12,0
-4.15,58.05,2,0
-4.15,58.1,0,0
-4.15,58.15,0,0
-4.15,58.2,0,0
-4.15,58.25,0,0
-4.15,58.3,0,0
-4.15,58.35,0,0
-4.15,58.4,0,0
-4.15,58.45,0,0
-4.15,58.5,0,0
-4.15,58.55,3,0
-4.1,54.75,9,0
-4.1,54.8,7,28
-4.1,54.85,24,0
-4.1,54.9,3,0
-4.1,54.95,1,0
-4.1,55.0,2,0
-4.1,55.05,4,0
-4.1,55.1,7,0
-4.1,55.15,0,0
-4.1,55.2,0,0
-4.1,55.25,0,0
-4.1,55.3,0,0
-4.1,55.35,0,0
-4.1,55.4,0,0
-4.1,55.45,0,0
-4.1,55.5,53,0
-4.1,55.55,0,0
-4.1,55.6,2,0
-4.1,55.65,19,0
-4.1,55.7,100,0
-4.1,55.75,514,452
-4.1,55.8,1566,932
-4.1,55.85,1717,417
-4.1,55.9,804,197
-4.1,55.95,333,68
-4.1,56.0,14,0
-4.1,56.05,0,0
-4.1,56.1,21,16
-4.1,56.15,36,16
-4.1,56.2,19,0
-4.1,56.25,0,0
-4.1,56.3,0,0
-4.1,56.35,0,0
-4.1,56.4,11,0
-4.1,56.45,0,0
-4.1,56.5,0,0
-4.1,56.55,2,0
-4.1,56.6,3,0
-4.1,56.65,0,0
-4.1,56.7,1,0
-4.1,56.75,0,0
-4.1,56.8,0,0
-4.1,56.85,0,0
-4.1,56.9,0,0
-4.1,56.95,0,0
-4.1,57.0,0,0
-4.1,57.05,67,85
-4.1,57.1,0,0
-4.1,57.15,0,0
-4.1,57.2,0,0
-4.1,57.25,0,0
-4.1,57.3,0,0
-4.1,57.35,0,0
-4.1,57.4,5,0
-4.1,57.45,18,111
-4.1,57.5,152,111
-4.1,57.55,7,0
-4.1,57.6,190,0
-4.1,57.65,6,0
-4.1,57.7,71,0
-4.1,57.75,40,0
-4.1,57.8,5,0
-4.1,57.85,9,0
-4.1,57.9,16,0
-4.1,57.95,3,0
-4.1,58.0,2,0
-4.1,58.05,2,0
-4.1,58.1,0,0
-4.1,58.15,0,0
-4.1,58.2,0,0
-4.1,58.25,0,0
-4.1,58.3,0,0
-4.1,58.35,0,0
-4.1,58.4,0,0
-4.1,58.45,0,0
-4.1,58.5,0,0
-4.1,58.55,6,0
-4.05,54.75,17,0
-4.05,54.8,4,0
-4.05,54.85,248,160
-4.05,54.9,12,0
-4.05,54.95,10,0
-4.05,55.0,4,0
-4.05,55.05,1,0
-4.05,55.1,3,0
-4.05,55.15,0,0
-4.05,55.2,0,0
-4.05,55.25,0,0
-4.05,55.3,0,0
-4.05,55.35,0,0
-4.05,55.4,1,0
-4.05,55.45,0,0
-4.05,55.5,23,67
-4.05,55.55,17,67
-4.05,55.6,0,0
-4.05,55.65,118,95
-4.05,55.7,340,211
-4.05,55.75,1679,782
-4.05,55.8,1624,1639
-4.05,55.85,2201,1657
-4.05,55.9,314,251
-4.05,55.95,743,708
-4.05,56.0,423,38
-4.05,56.05,3,0
-4.05,56.1,1,0
-4.05,56.15,18,186
-4.05,56.2,96,0
-4.05,56.25,0,0
-4.05,56.3,0,0
-4.05,56.35,0,0
-4.05,56.4,2,0
-4.05,56.45,0,0
-4.05,56.5,0,0
-4.05,56.55,2,0
-4.05,56.6,1,0
-4.05,56.65,0,0
-4.05,56.7,1,0
-4.05,56.75,0,0
-4.05,56.8,0,0
-4.05,56.85,0,0
-4.05,56.9,0,0
-4.05,56.95,0,0
-4.05,57.0,0,0
-4.05,57.05,1,0
-4.05,57.1,101,419
-4.05,57.15,0,0
-4.05,57.2,0,0
-4.05,57.25,0,0
-4.05,57.3,0,0
-4.05,57.35,1,0
-4.05,57.4,1,0
-4.05,57.45,4,0
-4.05,57.5,27,0
-4.05,57.55,162,85
-4.05,57.6,12,5
-4.05,57.65,7,0
-4.05,57.7,578,0
-4.05,57.75,55,0
-4.05,57.8,299,66
-4.05,57.85,4,308
-4.05,57.9,60,308
-4.05,57.95,5,0
-4.05,58.0,0,0
-4.05,58.05,0,0
-4.05,58.1,0,0
-4.05,58.15,0,0
-4.05,58.2,0,0
-4.05,58.25,0,0
-4.05,58.3,0,0
-4.05,58.35,0,0
-4.05,58.4,0,0
-4.05,58.45,0,0
-4.05,58.5,0,0
-4.05,58.55,3,0
-4.05,58.6,2,0
-4.0,54.75,21,0
-4.0,54.8,1,0
-4.0,54.85,3,0
-4.0,54.9,17,0
-4.0,54.95,6,0
-4.0,55.0,27,0
-4.0,55.05,1,0
-4.0,55.1,1,0
-4.0,55.15,2,0
-4.0,55.2,1,0
-4.0,55.25,0,0
-4.0,55.3,0,0
-4.0,55.35,0,0
-4.0,55.4,129,0
-4.0,55.45,0,0
-4.0,55.5,0,0
-4.0,55.55,1,0
-4.0,55.6,0,0
-4.0,55.65,5,0
-4.0,55.7,309,30
-4.0,55.75,285,196
-4.0,55.8,2292,485
-4.0,55.85,2126,211
-4.0,55.9,366,0
-4.0,55.95,1912,663
-4.0,56.0,34,0
-4.0,56.05,6,0
-4.0,56.1,5,0
-4.0,56.15,6,0
-4.0,56.2,96,0
-4.0,56.25,0,0
-4.0,56.3,0,0
-4.0,56.35,108,52
-4.0,56.4,22,52
-4.0,56.45,0,0
-4.0,56.5,1,0
-4.0,56.55,2,0
-4.0,56.6,20,0
-4.0,56.65,2,0
-4.0,56.7,6,0
-4.0,56.75,0,0
-4.0,56.8,0,0
-4.0,56.85,0,0
-4.0,56.9,0,0
-4.0,56.95,0,0
-4.0,57.0,0,0
-4.0,57.05,0,0
-4.0,57.1,3,0
-4.0,57.15,0,0
-4.0,57.2,0,0
-4.0,57.25,0,0
-4.0,57.3,2,0
-4.0,57.35,25,136
-4.0,57.4,0,0
-4.0,57.45,0,0
-4.0,57.5,46,0
-4.0,57.55,16,0
-4.0,57.6,21,0
-4.0,57.65,5,0
-4.0,57.7,5,0
-4.0,57.75,10,0
-4.0,57.8,6,0
-4.0,57.85,2,58
-4.0,57.9,161,58
-4.0,57.95,120,35
-4.0,58.0,5,25
-4.0,58.05,0,0
-4.0,58.1,0,0
-4.0,58.15,0,0
-4.0,58.2,0,0
-4.0,58.25,0,0
-4.0,58.3,0,0
-4.0,58.35,0,0
-4.0,58.4,0,0
-4.0,58.45,0,0
-4.0,58.5,0,0
-4.0,58.55,3,0
-4.0,58.6,7,0
-3.95,54.75,12,0
-3.95,54.8,7,0
-3.95,54.85,2,0
-3.95,54.9,17,0
-3.95,54.95,179,44
-3.95,55.0,7,0
-3.95,55.05,7,0
-3.95,55.1,1,0
-3.95,55.15,1,0
-3.95,55.2,7,0
-3.95,55.25,0,0
-3.95,55.3,1,0
-3.95,55.35,23,0
-3.95,55.4,5,0
-3.95,55.45,0,0
-3.95,55.5,0,0
-3.95,55.55,1,0
-3.95,55.6,0,0
-3.95,55.65,17,0
-3.95,55.7,119,0
-3.95,55.75,1284,274
-3.95,55.8,1550,139
-3.95,55.85,1589,1029
-3.95,55.9,356,5
-3.95,55.95,777,772
-3.95,56.0,229,626
-3.95,56.05,20,0
-3.95,56.1,1333,2826
-3.95,56.15,949,1599
-3.95,56.2,475,275
-3.95,56.25,2,0
-3.95,56.3,0,0
-3.95,56.35,4,0
-3.95,56.4,3,0
-3.95,56.45,0,0
-3.95,56.5,0,0
-3.95,56.55,0,0
-3.95,56.6,10,0
-3.95,56.65,0,0
-3.95,56.7,1,0
-3.95,56.75,4,0
-3.95,56.8,0,0
-3.95,56.85,0,0
-3.95,56.9,0,0
-3.95,56.95,0,0
-3.95,57.0,0,0
-3.95,57.05,0,0
-3.95,57.1,6,0
-3.95,57.15,13,0
-3.95,57.2,0,0
-3.95,57.25,0,0
-3.95,57.3,1,0
-3.95,57.35,0,0
-3.95,57.4,0,0
-3.95,57.45,0,0
-3.95,57.5,5,0
-3.95,57.55,15,0
-3.95,57.6,0,0
-3.95,57.7,0,0
-3.95,57.75,18,0
-3.95,57.8,29,0
-3.95,57.85,1,0
-3.95,58.0,55,208
-3.95,58.05,0,0
-3.95,58.1,0,0
-3.95,58.15,0,0
-3.95,58.2,0,0
-3.95,58.25,1,0
-3.95,58.3,0,0
-3.95,58.35,0,0
-3.95,58.4,0,0
-3.95,58.45,0,0
-3.95,58.5,0,0
-3.95,58.55,13,34
-3.9,54.8,7,0
-3.9,54.85,4,0
-3.9,54.9,9,0
-3.9,54.95,95,333
-3.9,55.0,16,0
-3.9,55.05,2,0
-3.9,55.1,0,0
-3.9,55.15,1,0
-3.9,55.2,32,12
-3.9,55.25,1,0
-3.9,55.3,0,0
-3.9,55.35,104,83
-3.9,55.4,2,0
-3.9,55.45,0,0
-3.9,55.5,1,0
-3.9,55.55,7,0
-3.9,55.6,110,78
-3.9,55.65,464,105
-3.9,55.7,109,0
-3.9,55.75,809,28
-3.9,55.8,1146,40
-3.9,55.85,24,0
-3.9,55.9,203,0
-3.9,55.95,0,0
-3.9,56.0,1183,261
-3.9,56.05,241,213
-3.9,56.1,603,758
-3.9,56.15,140,209
-3.9,56.2,1,0
-3.9,56.25,59,0
-3.9,56.3,1,0
-3.9,56.35,3,0
-3.9,56.4,3,0
-3.9,56.45,0,0
-3.9,56.5,0,0
-3.9,56.55,0,0
-3.9,56.6,8,0
-3.9,56.65,4,0
-3.9,56.7,0,0
-3.9,56.75,2,0
-3.9,56.8,0,0
-3.9,56.85,0,0
-3.9,56.9,0,0
-3.9,56.95,0,0
-3.9,57.0,0,0
-3.9,57.05,0,0
-3.9,57.1,6,0
-3.9,57.15,5,0
-3.9,57.2,0,0
-3.9,57.25,0,0
-3.9,57.3,1,0
-3.9,57.35,0,0
-3.9,57.4,0,0
-3.9,57.45,0,0
-3.9,57.5,7,0
-3.9,57.55,48,0
-3.9,57.6,1105,0
-3.9,57.75,352,0
-3.9,57.8,25,0
-3.9,57.85,3,0
-3.9,58.0,9,0
-3.9,58.05,0,0
-3.9,58.1,0,0
-3.9,58.15,0,0
-3.9,58.2,0,0
-3.9,58.25,0,0
-3.9,58.3,0,0
-3.9,58.35,0,0
-3.9,58.4,0,0
-3.9,58.45,1,0
-3.9,58.5,0,0
-3.9,58.55,6,0
-3.85,54.8,12,0
-3.85,54.85,24,0
-3.85,54.9,17,12
-3.85,54.95,51,12
-3.85,55.0,52,0
-3.85,55.05,11,0
-3.85,55.1,1,0
-3.85,55.15,5,0
-3.85,55.2,9,0
-3.85,55.25,3,0
-3.85,55.3,1,0
-3.85,55.35,2,0
-3.85,55.4,0,0
-3.85,55.45,0,0
-3.85,55.5,0,0
-3.85,55.55,98,12
-3.85,55.6,11,0
-3.85,55.65,24,0
-3.85,55.7,112,43
-3.85,55.75,663,730
-3.85,55.8,257,0
-3.85,55.85,103,0
-3.85,55.9,14,0
-3.85,55.95,93,0
-3.85,56.0,354,620
-3.85,56.05,413,631
-3.85,56.1,283,29
-3.85,56.15,635,178
-3.85,56.2,0,0
-3.85,56.25,5,0
-3.85,56.3,3,0
-3.85,56.35,350,385
-3.85,56.4,165,535
-3.85,56.45,0,0
-3.85,56.5,0,0
-3.85,56.55,0,0
-3.85,56.6,134,211
-3.85,56.65,4,211
-3.85,56.7,0,0
-3.85,56.75,33,0
-3.85,56.8,1,0
-3.85,56.85,0,0
-3.85,56.9,0,0
-3.85,56.95,0,0
-3.85,57.0,0,0
-3.85,57.05,0,0
-3.85,57.1,0,0
-3.85,57.15,4,0
-3.85,57.2,102,0
-3.85,57.25,0,0
-3.85,57.3,2,0
-3.85,57.35,0,0
-3.85,57.4,0,0
-3.85,57.45,0,0
-3.85,57.5,4,0
-3.85,57.55,25,3
-3.85,57.6,1008,209
-3.85,57.8,12,0
-3.85,57.85,93,0
-3.85,58.0,319,177
-3.85,58.05,7,5
-3.85,58.1,0,0
-3.85,58.15,0,0
-3.85,58.2,0,0
-3.85,58.25,0,0
-3.85,58.3,0,0
-3.85,58.35,0,0
-3.85,58.4,0,0
-3.85,58.45,0,0
-3.85,58.5,0,0
-3.85,58.55,1,0
-3.8,54.85,31,0
-3.8,54.9,36,0
-3.8,54.95,199,14
-3.8,55.0,9,0
-3.8,55.05,8,0
-3.8,55.1,4,0
-3.8,55.15,18,0
-3.8,55.2,6,0
-3.8,55.25,40,46
-3.8,55.3,4,46
-3.8,55.35,1,0
-3.8,55.4,6,0
-3.8,55.45,0,0
-3.8,55.5,1,0
-3.8,55.55,1,0
-3.8,55.6,58,0
-3.8,55.65,126,0
-3.8,55.7,154,0
-3.8,55.75,187,0
-3.8,55.8,332,89
-3.8,55.85,123,0
-3.8,55.9,24,0
-3.8,55.95,11,0
-3.8,56.0,1983,2413
-3.8,56.05,797,148
-3.8,56.1,741,567
-3.8,56.15,781,266
-3.8,56.2,0,0
-3.8,56.25,48,0
-3.8,56.3,2,0
-3.8,56.35,39,0
-3.8,56.4,21,0
-3.8,56.45,0,0
-3.8,56.5,0,0
-3.8,56.55,1,0
-3.8,56.6,1,0
-3.8,56.65,11,0
-3.8,56.7,1,0
-3.8,56.75,7,0
-3.8,56.8,0,0
-3.8,56.85,0,0
-3.8,56.9,0,0
-3.8,56.95,0,0
-3.8,57.0,0,0
-3.8,57.05,0,0
-3.8,57.1,0,0
-3.8,57.15,4,0
-3.8,57.2,124,239
-3.8,57.25,2,0
-3.8,57.3,41,0
-3.8,57.35,0,0
-3.8,57.4,0,0
-3.8,57.45,1,0
-3.8,57.5,4,0
-3.8,57.55,26,0
-3.8,57.6,50,0
-3.8,57.8,7,0
-3.8,57.85,27,0
-3.8,58.05,2,0
-3.8,58.1,0,0
-3.8,58.15,0,0
-3.8,58.2,0,0
-3.8,58.25,0,0
-3.8,58.3,0,0
-3.8,58.35,0,0
-3.8,58.4,0,0
-3.8,58.45,0,0
-3.8,58.5,0,0
-3.8,58.55,13,0
-3.75,54.85,34,0
-3.75,54.9,4,0
-3.75,54.95,1,0
-3.75,55.0,15,0
-3.75,55.05,19,0
-3.75,55.1,11,0
-3.75,55.15,13,0
-3.75,55.2,22,0
-3.75,55.25,113,14
-3.75,55.3,5,0
-3.75,55.35,1,0
-3.75,55.4,21,0
-3.75,55.45,1,0
-3.75,55.5,7,0
-3.75,55.55,0,0
-3.75,55.6,10,0
-3.75,55.65,144,250
-3.75,55.7,257,250
-3.75,55.75,1,0
-3.75,55.8,74,0
-3.75,55.85,230,90
-3.75,55.9,116,12
-3.75,55.95,238,0
-3.75,56.0,1357,1007
-3.75,56.05,174,2
-3.75,56.1,269,21
-3.75,56.15,525,115
-3.75,56.2,0,0
-3.75,56.25,2,0
-3.75,56.3,48,0
-3.75,56.35,13,0
-3.75,56.4,8,0
-3.75,56.45,3,0
-3.75,56.5,0,0
-3.75,56.55,1,0
-3.75,56.6,1,0
-3.75,56.65,10,0
-3.75,56.7,120,1805
-3.75,56.75,2,0
-3.75,56.8,0,0
-3.75,56.85,0,0
-3.75,56.9,0,0
-3.75,56.95,0,0
-3.75,57.0,0,0
-3.75,57.05,0,0
-3.75,57.1,0,0
-3.75,57.15,0,0
-3.75,57.2,0,0
-3.75,57.25,39,48
-3.75,57.3,4,0
-3.75,57.35,0,0
-3.75,57.4,0,0
-3.75,57.45,2,0
-3.75,57.5,4,0
-3.75,57.55,8,0
-3.75,57.6,5,0
-3.75,57.65,1,0
-3.75,58.05,6,0
-3.75,58.1,1,0
-3.75,58.15,0,0
-3.75,58.2,0,0
-3.75,58.25,0,0
-3.75,58.3,0,0
-3.75,58.35,0,0
-3.75,58.4,0,0
-3.75,58.45,0,0
-3.75,58.5,0,0
-3.75,58.55,12,0
-3.75,58.6,33,0
-3.7,54.9,9,0
-3.7,54.95,1,0
-3.7,55.0,6,0
-3.7,55.05,16,0
-3.7,55.1,16,0
-3.7,55.15,31,0
-3.7,55.2,13,0
-3.7,55.25,5,0
-3.7,55.3,0,0
-3.7,55.35,0,0
-3.7,55.4,0,0
-3.7,55.45,0,0
-3.7,55.5,23,109
-3.7,55.55,3,0
-3.7,55.6,2,0
-3.7,55.65,15,0
-3.7,55.7,69,0
-3.7,55.75,151,68
-3.7,55.8,42,46
-3.7,55.85,806,208
-3.7,55.9,763,26
-3.7,55.95,221,45
-3.7,56.0,1453,350
-3.7,56.05,310,122
-3.7,56.1,20,20
-3.7,56.15,55,0
-3.7,56.2,0,0
-3.7,56.25,1,0
-3.7,56.3,256,378
-3.7,56.35,13,0
-3.7,56.4,7,0
-3.7,56.45,2,0
-3.7,56.5,0,0
-3.7,56.55,1,0
-3.7,56.6,1,0
-3.7,56.65,5,0
-3.7,56.7,85,0
-3.7,56.75,0,0
-3.7,56.8,0,0
-3.7,56.85,0,0
-3.7,56.9,0,0
-3.7,56.95,0,0
-3.7,57.0,0,0
-3.7,57.05,0,0
-3.7,57.1,0,0
-3.7,57.15,1,0
-3.7,57.2,0,0
-3.7,57.25,3,0
-3.7,57.3,13,0
-3.7,57.35,0,0
-3.7,57.4,0,0
-3.7,57.45,1,0
-3.7,57.5,3,0
-3.7,57.55,7,0
-3.7,57.6,28,66
-3.7,57.65,4,0
-3.7,58.1,5,0
-3.7,58.15,0,0
-3.7,58.2,0,0
-3.7,58.25,0,0
-3.7,58.3,0,0
-3.7,58.35,0,0
-3.7,58.4,0,0
-3.7,58.45,0,0
-3.7,58.5,0,0
-3.7,58.55,3,0
-3.7,58.6,2,0
-3.65,54.9,5,0
-3.65,54.95,2,0
-3.65,55.0,4,0
-3.65,55.05,220,129
-3.65,55.1,427,2
-3.65,55.15,8,0
-3.65,55.2,2,0
-3.65,55.25,1,0
-3.65,55.3,0,0
-3.65,55.35,0,0
-3.65,55.4,1,0
-3.65,55.45,22,71
-3.65,55.5,1,0
-3.65,55.55,15,0
-3.65,55.6,9,0
-3.65,55.65,41,0
-3.65,55.7,105,63
-3.65,55.75,27,0
-3.65,55.8,6,0
-3.65,55.85,458,0
-3.65,55.9,978,458
-3.65,55.95,115,0
-3.65,56.0,168,8
-3.65,56.05,32,82
-3.65,56.1,4,0
-3.65,56.15,151,75
-3.65,56.2,5,0
-3.65,56.25,3,0
-3.65,56.3,35,0
-3.65,56.35,6,0
-3.65,56.4,17,0
-3.65,56.45,36,0
-3.65,56.5,0,0
-3.65,56.55,2,0
-3.65,56.6,9,0
-3.65,56.65,32,0
-3.65,56.7,2,0
-3.65,56.75,1,0
-3.65,56.8,0,0
-3.65,56.85,0,0
-3.65,56.9,0,0
-3.65,56.95,0,0
-3.65,57.0,0,0
-3.65,57.05,0,0
-3.65,57.1,0,0
-3.65,57.15,1,17
-3.65,57.2,0,0
-3.65,57.25,51,0
-3.65,57.3,14,0
-3.65,57.35,0,0
-3.65,57.4,0,0
-3.65,57.45,1,0
-3.65,57.5,5,0
-3.65,57.55,6,12
-3.65,57.6,164,0
-3.65,57.65,6,0
-3.65,58.1,120,0
-3.65,58.15,1,0
-3.65,58.2,0,0
-3.65,58.25,0,0
-3.65,58.3,0,0
-3.65,58.35,0,0
-3.65,58.4,0,0
-3.65,58.45,0,0
-3.65,58.5,0,0
-3.65,58.55,4,0
-3.65,58.6,8,0
-3.6,54.9,26,0
-3.6,54.95,8,0
-3.6,55.0,32,0
-3.6,55.05,1128,897
-3.6,55.1,458,125
-3.6,55.15,6,0
-3.6,55.2,12,0
-3.6,55.25,0,0
-3.6,55.3,0,0
-3.6,55.35,1,0
-3.6,55.4,0,0
-3.6,55.45,1,0
-3.6,55.5,0,0
-3.6,55.55,2,0
-3.6,55.6,56,0
-3.6,55.65,17,0
-3.6,55.7,85,83
-3.6,55.75,12,0
-3.6,55.8,7,0
-3.6,55.85,284,0
-3.6,55.9,631,148
-3.6,55.95,333,347
-3.6,56.0,1400,550
-3.6,56.05,300,0
-3.6,56.1,119,10
-3.6,56.15,26,0
-3.6,56.2,36,13
-3.6,56.25,1,0
-3.6,56.3,74,0
-3.6,56.35,13,0
-3.6,56.4,74,0
-3.6,56.45,2,0
-3.6,56.5,0,0
-3.6,56.55,71,800
-3.6,56.6,2,0
-3.6,56.65,1,0
-3.6,56.7,0,0
-3.6,56.75,1,0
-3.6,56.8,0,0
-3.6,56.85,0,0
-3.6,56.9,0,0
-3.6,56.95,0,0
-3.6,57.0,0,0
-3.6,57.05,0,0
-3.6,57.1,0,0
-3.6,57.15,0,0
-3.6,57.2,0,0
-3.6,57.25,1,0
-3.6,57.3,13,0
-3.6,57.35,168,187
-3.6,57.4,0,0
-3.6,57.45,0,0
-3.6,57.5,1,0
-3.6,57.55,2,0
-3.6,57.6,520,174
-3.6,57.65,139,20
-3.6,58.15,1,0
-3.6,58.2,0,0
-3.6,58.25,0,0
-3.6,58.3,0,0
-3.6,58.35,0,0
-3.6,58.4,0,0
-3.6,58.45,0,0
-3.6,58.5,0,0
-3.6,58.55,7,0
-3.6,58.6,2,0
-3.55,54.9,39,0
-3.55,54.95,6,0
-3.55,55.0,35,0
-3.55,55.05,106,0
-3.55,55.1,95,0
-3.55,55.15,20,0
-3.55,55.2,3,0
-3.55,55.25,1,0
-3.55,55.3,0,0
-3.55,55.35,0,0
-3.55,55.4,0,0
-3.55,55.45,0,0
-3.55,55.5,0,0
-3.55,55.55,1,0
-3.55,55.6,77,0
-3.55,55.65,15,0
-3.55,55.7,12,0
-3.55,55.75,4,0
-3.55,55.8,12,0
-3.55,55.85,396,19
-3.55,55.9,1523,171
-3.55,55.95,60,3
-3.55,56.0,217,7
-3.55,56.05,342,0
-3.55,56.1,283,32
-3.55,56.15,5,0
-3.55,56.2,59,5
-3.55,56.25,1,0
-3.55,56.3,3,0
-3.55,56.35,11,0
-3.55,56.4,17,0
-3.55,56.45,6,0
-3.55,56.5,4,0
-3.55,56.55,32,0
-3.55,56.6,3,0
-3.55,56.65,1,0
-3.55,56.7,1,0
-3.55,56.75,2,0
-3.55,56.8,0,0
-3.55,56.85,0,0
-3.55,56.9,0,0
-3.55,56.95,0,0
-3.55,57.0,0,0
-3.55,57.05,0,0
-3.55,57.1,0,0
-3.55,57.15,0,0
-3.55,57.2,0,0
-3.55,57.25,1,0
-3.55,57.3,3,0
-3.55,57.35,18,0
-3.55,57.4,0,0
-3.55,57.45,0,0
-3.55,57.5,0,0
-3.55,57.55,5,0
-3.55,57.6,25,4
-3.55,57.65,148,0
-3.55,58.15,1,0
-3.55,58.2,0,0
-3.55,58.25,0,0
-3.55,58.3,0,0
-3.55,58.35,0,0
-3.55,58.4,0,0
-3.55,58.45,1,0
-3.55,58.5,4,0
-3.55,58.55,11,0
-3.55,58.6,430,46
-3.5,54.95,2,0
-3.5,55.0,8,0
-3.5,55.05,45,0
-3.5,55.1,21,0
-3.5,55.15,14,0
-3.5,55.2,6,0
-3.5,55.25,0,0
-3.5,55.3,0,0
-3.5,55.35,2,0
-3.5,55.4,1,0
-3.5,55.45,1,0
-3.5,55.5,0,0
-3.5,55.55,0,0
-3.5,55.6,38,79
-3.5,55.65,59,79
-3.5,55.7,9,0
-3.5,55.75,0,0
-3.5,55.8,3,0
-3.5,55.85,340,0
-3.5,55.9,1892,1068
-3.5,55.95,771,442
-3.5,56.0,37,0
-3.5,56.05,275,0
-3.5,56.1,150,0
-3.5,56.15,3,23
-3.5,56.2,13,0
-3.5,56.25,1,0
-3.5,56.3,7,0
-3.5,56.35,24,0
-3.5,56.4,480,70
-3.5,56.45,12,96
-3.5,56.5,88,274
-3.5,56.55,14,0
-3.5,56.6,3,0
-3.5,56.65,0,0
-3.5,56.7,14,23
-3.5,56.75,4,23
-3.5,56.8,0,0
-3.5,56.85,0,0
-3.5,56.9,0,0
-3.5,56.95,0,0
-3.5,57.0,0,0
-3.5,57.05,0,0
-3.5,57.1,0,0
-3.5,57.15,0,0
-3.5,57.2,0,0
-3.5,57.25,0,0
-3.5,57.3,1,0
-3.5,57.35,4,0
-3.5,57.4,1,0
-3.5,57.45,0,0
-3.5,57.5,0,0
-3.5,57.55,4,0
-3.5,57.6,9,0
-3.5,57.65,13,0
-3.5,57.7,659,0
-3.5,58.15,1,0
-3.5,58.2,1,0
-3.5,58.25,1,0
-3.5,58.3,0,0
-3.5,58.35,0,0
-3.5,58.4,0,0
-3.5,58.45,2,0
-3.5,58.5,82,0
-3.5,58.55,6,0
-3.5,58.6,424,144
-3.45,54.95,2,0
-3.45,55.0,8,0
-3.45,55.05,10,0
-3.45,55.1,14,8
-3.45,55.15,135,8
-3.45,55.2,8,0
-3.45,55.25,3,0
-3.45,55.3,44,226
-3.45,55.35,157,226
-3.45,55.4,1,0
-3.45,55.45,0,0
-3.45,55.5,1,0
-3.45,55.55,1,0
-3.45,55.6,3,0
-3.45,55.65,13,0
-3.45,55.7,13,0
-3.45,55.75,2,0
-3.45,55.8,0,0
-3.45,55.85,4,0
-3.45,55.9,335,96
-3.45,55.95,409,178
-3.45,56.0,48,1
-3.45,56.05,1473,170
-3.45,56.1,800,109
-3.45,56.15,7,0
-3.45,56.2,217,558
-3.45,56.25,13,0
-3.45,56.3,3,0
-3.45,56.35,37,0
-3.45,56.4,2381,2045
-3.45,56.45,116,0
-3.45,56.5,108,7
-3.45,56.55,61,0
-3.45,56.6,9,0
-3.45,56.65,4,0
-3.45,56.7,3,0
-3.45,56.75,1,0
-3.45,56.8,1,0
-3.45,56.85,0,0
-3.45,56.9,0,0
-3.45,56.95,0,0
-3.45,57.0,0,0
-3.45,57.05,0,0
-3.45,57.1,0,0
-3.45,57.15,0,0
-3.45,57.2,0,0
-3.45,57.25,0,0
-3.45,57.3,0,0
-3.45,57.35,0,0
-3.45,57.4,3,0
-3.45,57.45,0,0
-3.45,57.5,0,0
-3.45,57.55,15,0
-3.45,57.6,4,0
-3.45,57.65,35,0
-3.45,57.7,189,221
-3.45,58.2,2,0
-3.45,58.25,14,0
-3.45,58.3,0,0
-3.45,58.35,0,0
-3.45,58.4,0,0
-3.45,58.45,2,0
-3.45,58.5,5,0
-3.45,58.55,6,0
-3.45,58.6,17,0
-3.45,58.9,0,0
-3.4,55.0,26,0
-3.4,55.05,24,0
-3.4,55.1,23,0
-3.4,55.15,13,0
-3.4,55.2,16,0
-3.4,55.25,10,0
-3.4,55.3,2,0
-3.4,55.35,1,0
-3.4,55.4,1,0
-3.4,55.45,0,0
-3.4,55.5,2,0
-3.4,55.55,2,0
-3.4,55.6,29,0
-3.4,55.65,2,0
-3.4,55.7,25,0
-3.4,55.75,3,0
-3.4,55.8,1,0
-3.4,55.85,6,0
-3.4,55.9,217,0
-3.4,55.95,290,283
-3.4,56.0,1110,60
-3.4,56.05,1758,369
-3.4,56.1,255,1360
-3.4,56.15,339,0
-3.4,56.2,176,101
-3.4,56.25,116,41
-3.4,56.3,49,0
-3.4,56.35,197,0
-3.4,56.4,519,251
-3.4,56.45,69,19
-3.4,56.5,16,0
-3.4,56.55,9,0
-3.4,56.6,9,0
-3.4,56.65,8,0
-3.4,56.7,5,0
-3.4,56.75,5,0
-3.4,56.8,0,0
-3.4,56.85,0,0
-3.4,56.9,0,0
-3.4,56.95,0,0
-3.4,57.0,28,128
-3.4,57.05,0,0
-3.4,57.1,0,0
-3.4,57.15,0,0
-3.4,57.2,0,0
-3.4,57.25,24,0
-3.4,57.3,3,0
-3.4,57.35,1,0
-3.4,57.4,7,0
-3.4,57.45,1,0
-3.4,57.5,0,0
-3.4,57.55,2,0
-3.4,57.6,8,0
-3.4,57.65,14,0
-3.4,57.7,57,0
-3.4,58.25,22,0
-3.4,58.3,5,0
-3.4,58.35,2,0
-3.4,58.4,1,0
-3.4,58.45,5,0
-3.4,58.5,3,0
-3.4,58.55,6,0
-3.4,58.6,136,0
-3.4,58.65,5,0
-3.4,58.85,0,0
-3.4,58.9,0,0
-3.35,54.95,4,0
-3.35,55.0,30,0
-3.35,55.05,9,0
-3.35,55.1,175,39
-3.35,55.15,107,59
-3.35,55.2,3,0
-3.35,55.25,2,0
-3.35,55.3,0,0
-3.35,55.35,1,0
-3.35,55.4,0,0
-3.35,55.45,0,0
-3.35,55.5,0,0
-3.35,55.55,0,0
-3.35,55.6,5,44
-3.35,55.65,1,0
-3.35,55.7,19,0
-3.35,55.75,113,107
-3.35,55.8,10,0
-3.35,55.85,6,0
-3.35,55.9,411,27
-3.35,55.95,25,890
-3.35,56.0,58,0
-3.35,56.05,763,152
-3.35,56.1,785,64
-3.35,56.15,225,154
-3.35,56.2,47,18
-3.35,56.25,21,0
-3.35,56.3,6,0
-3.35,56.35,12,0
-3.35,56.4,16,0
-3.35,56.45,45,0
-3.35,56.5,14,0
-3.35,56.55,30,0
-3.35,56.6,515,0
-3.35,56.65,1,0
-3.35,56.7,0,0
-3.35,56.75,1,0
-3.35,56.8,0,0
-3.35,56.85,0,0
-3.35,56.9,0,0
-3.35,56.95,0,0
-3.35,57.0,0,0
-3.35,57.05,0,0
-3.35,57.1,0,0
-3.35,57.15,0,0
-3.35,57.2,0,0
-3.35,57.25,6,111
-3.35,57.3,0,0
-3.35,57.35,9,0
-3.35,57.4,6,0
-3.35,57.45,22,0
-3.35,57.5,1,0
-3.35,57.55,0,0
-3.35,57.6,14,0
-3.35,57.65,158,188
-3.35,57.7,44,0
-3.35,58.3,10,0
-3.35,58.35,1,0
-3.35,58.4,0,0
-3.35,58.45,1,0
-3.35,58.5,8,0
-3.35,58.55,5,0
-3.35,58.6,20,0
-3.35,58.65,15,0
-3.35,58.8,0,0
-3.35,58.85,0,0
-3.35,58.9,0,0
-3.35,58.95,16,0
-3.35,59.0,4,0
-3.35,59.05,10,0
-3.35,59.1,10,0
-3.35,59.15,3,0
-3.3,54.95,78,0
-3.3,55.0,22,0
-3.3,55.05,14,0
-3.3,55.1,9,0
-3.3,55.15,3,0
-3.3,55.2,7,0
-3.3,55.25,0,0
-3.3,55.3,0,0
-3.3,55.35,0,0
-3.3,55.4,0,0
-3.3,55.45,0,0
-3.3,55.5,0,0
-3.3,55.55,0,0
-3.3,55.6,0,0
-3.3,55.65,1,0
-3.3,55.7,1,0
-3.3,55.75,8,44
-3.3,55.8,8,0
-3.3,55.85,0,0
-3.3,55.9,1351,1276
-3.3,55.95,2510,810
-3.3,56.0,228,0
-3.3,56.05,167,44
-3.3,56.1,143,0
-3.3,56.15,512,0
-3.3,56.2,24,0
-3.3,56.25,11,0
-3.3,56.3,5,0
-3.3,56.35,164,87
-3.3,56.4,43,64
-3.3,56.45,10,0
-3.3,56.5,63,0
-3.3,56.55,28,0
-3.3,56.6,69,0
-3.3,56.65,1,0
-3.3,56.7,1,0
-3.3,56.75,3,0
-3.3,56.8,0,0
-3.3,56.85,0,0
-3.3,56.9,0,0
-3.3,56.95,0,0
-3.3,57.0,0,0
-3.3,57.05,0,0
-3.3,57.1,0,0
-3.3,57.15,0,0
-3.3,57.2,0,0
-3.3,57.25,1,0
-3.3,57.3,8,0
-3.3,57.35,6,0
-3.3,57.4,1,0
-3.3,57.45,16,0
-3.3,57.5,17,0
-3.3,57.55,0,0
-3.3,57.6,40,0
-3.3,57.65,1374,889
-3.3,57.7,538,92
-3.3,58.3,64,46
-3.3,58.35,1,0
-3.3,58.4,0,0
-3.3,58.45,27,0
-3.3,58.5,7,0
-3.3,58.55,12,0
-3.3,58.6,5,0
-3.3,58.65,8,0
-3.3,58.8,0,0
-3.3,58.85,0,0
-3.3,58.9,2,0
-3.3,58.95,250,194
-3.3,59.0,17,0
-3.3,59.05,18,0
-3.3,59.1,14,0
-3.3,59.15,39,0
-3.25,54.95,76,0
-3.25,55.0,558,116
-3.25,55.05,62,0
-3.25,55.1,1,0
-3.25,55.15,3,0
-3.25,55.2,2,0
-3.25,55.25,1,0
-3.25,55.3,0,0
-3.25,55.35,0,0
-3.25,55.4,0,0
-3.25,55.45,0,0
-3.25,55.5,0,0
-3.25,55.55,0,0
-3.25,55.6,1,0
-3.25,55.65,3,0
-3.25,55.7,0,0
-3.25,55.75,9,0
-3.25,55.8,12,0
-3.25,55.85,309,0
-3.25,55.9,1356,312
-3.25,55.95,4313,1241
-3.25,56.0,2644,62
-3.25,56.05,885,0
-3.25,56.1,30,0
-3.25,56.15,416,0
-3.25,56.2,34,0
-3.25,56.25,2,0
-3.25,56.3,190,0
-3.25,56.35,229,242
-3.25,56.4,15,69
-3.25,56.45,11,0
-3.25,56.5,8,0
-3.25,56.55,165,114
-3.25,56.6,105,54
-3.25,56.65,35,54
-3.25,56.7,3,0
-3.25,56.75,1,0
-3.25,56.8,0,0
-3.25,56.85,0,0
-3.25,56.9,0,0
-3.25,56.95,0,0
-3.25,57.0,0,0
-3.25,57.05,3,0
-3.25,57.1,0,0
-3.25,57.15,0,0
-3.25,57.2,0,0
-3.25,57.25,1,0
-3.25,57.3,1,0
-3.25,57.35,1,0
-3.25,57.4,0,0
-3.25,57.45,48,0
-3.25,57.5,3,0
-3.25,57.55,1,0
-3.25,57.6,8,0
-3.25,57.65,17,0
-3.25,57.7,7,0
-3.25,58.3,20,0
-3.25,58.35,2,0
-3.25,58.4,0,0
-3.25,58.45,2,0
-3.25,58.5,4,0
-3.25,58.55,8,0
-3.25,58.6,5,0
-3.25,58.65,26,0
-3.25,58.8,5,0
-3.25,58.85,0,0
-3.25,58.9,0,0
-3.25,58.95,11,0
-3.25,59.0,17,0
-3.25,59.05,37,8
-3.25,59.1,16,0
-3.25,59.15,6,0
-3.2,55.0,70,0
-3.2,55.05,65,0
-3.2,55.1,5,0
-3.2,55.15,4,0
-3.2,55.2,0,0
-3.2,55.25,3,0
-3.2,55.3,4,0
-3.2,55.35,0,0
-3.2,55.4,0,0
-3.2,55.45,0,0
-3.2,55.5,1,0
-3.2,55.55,0,0
-3.2,55.6,0,0
-3.2,55.65,487,322
-3.2,55.7,23,0
-3.2,55.75,8,0
-3.2,55.8,46,136
-3.2,55.85,697,516
-3.2,55.9,1261,669
-3.2,55.95,7638,5440
-3.2,56.0,4931,154
-3.2,56.05,914,2
-3.2,56.1,355,2
-3.2,56.15,884,227
-3.2,56.2,1372,150
-3.2,56.25,81,102
-3.2,56.3,30,53
-3.2,56.35,25,0
-3.2,56.4,144,24
-3.2,56.45,18,0
-3.2,56.5,12,0
-3.2,56.55,18,0
-3.2,56.6,49,0
-3.2,56.65,17,0
-3.2,56.7,3,0
-3.2,56.75,0,0
-3.2,56.8,0,0
-3.2,56.85,0,0
-3.2,56.9,0,0
-3.2,56.95,0,0
-3.2,57.0,0,0
-3.2,57.05,6,0
-3.2,57.1,0,0
-3.2,57.15,1,0
-3.2,57.2,0,0
-3.2,57.25,0,0
-3.2,57.3,0,0
-3.2,57.35,0,0
-3.2,57.4,3,0
-3.2,57.45,57,179
-3.2,57.5,50,149
-3.2,57.55,77,14
-3.2,57.6,7,0
-3.2,57.65,167,0
-3.2,57.7,2,0
-3.2,58.3,22,0
-3.2,58.35,3,0
-3.2,58.4,1,0
-3.2,58.45,3,0
-3.2,58.5,2,0
-3.2,58.55,5,0
-3.2,58.6,2,0
-3.2,58.65,7,0
-3.2,58.8,13,0
-3.2,58.85,7,0
-3.2,58.9,30,6
-3.2,58.95,11,0
-3.2,59.0,27,0
-3.2,59.05,23,20
-3.2,59.1,4,0
-3.2,59.15,6,0
-3.15,54.95,3,0
-3.15,55.0,72,0
-3.15,55.05,22,0
-3.15,55.1,6,0
-3.15,55.15,1,0
-3.15,55.2,1,0
-3.15,55.25,3,0
-3.15,55.3,0,0
-3.15,55.35,0,0
-3.15,55.4,2,0
-3.15,55.45,0,0
-3.15,55.5,1,0
-3.15,55.55,0,0
-3.15,55.6,0,0
-3.15,55.65,52,26
-3.15,55.7,1,0
-3.15,55.75,1,0
-3.15,55.8,1,0
-3.15,55.85,281,78
-3.15,55.9,2366,713
-3.15,55.95,4306,1636
-3.15,56.0,2073,294
-3.15,56.05,1631,0
-3.15,56.1,2284,219
-3.15,56.15,800,60
-3.15,56.2,1334,1268
-3.15,56.25,91,0
-3.15,56.3,67,0
-3.15,56.35,8,0
-3.15,56.4,10,0
-3.15,56.45,121,33
-3.15,56.5,25,0
-3.15,56.55,59,0
-3.15,56.6,46,0
-3.15,56.65,9,0
-3.15,56.7,4,0
-3.15,56.75,0,0
-3.15,56.8,0,0
-3.15,56.85,0,0
-3.15,56.9,0,0
-3.15,56.95,0,0
-3.15,57.0,0,0
-3.15,57.05,2,0
-3.15,57.1,0,0
-3.15,57.15,1,0
-3.15,57.2,0,0
-3.15,57.25,0,0
-3.15,57.3,0,0
-3.15,57.35,0,0
-3.15,57.4,1,0
-3.15,57.45,84,0
-3.15,57.5,8,0
-3.15,57.55,3,0
-3.15,57.6,12,0
-3.15,57.65,25,0
-3.15,57.7,5,0
-3.15,58.35,11,0
-3.15,58.4,19,0
-3.15,58.45,16,0
-3.15,58.5,16,0
-3.15,58.55,9,0
-3.15,58.6,2,0
-3.15,58.65,31,14
-3.15,58.7,1,0
-3.15,58.8,8,0
-3.15,58.85,0,0
-3.15,58.9,9,0
-3.15,58.95,12,0
-3.15,59.0,17,0
-3.15,59.05,6,0
-3.15,59.1,3,0
-3.15,59.15,12,0
-3.1,55.0,26,0
-3.1,55.05,6,0
-3.1,55.1,2,0
-3.1,55.15,0,0
-3.1,55.2,3,0
-3.1,55.25,0,0
-3.1,55.3,0,0
-3.1,55.35,0,0
-3.1,55.4,0,0
-3.1,55.45,2,0
-3.1,55.5,2,0
-3.1,55.55,1,0
-3.1,55.6,2,0
-3.1,55.65,59,0
-3.1,55.7,0,0
-3.1,55.75,0,0
-3.1,55.8,8,0
-3.1,55.85,560,201
-3.1,55.9,684,736
-3.1,55.95,2413,459
-3.1,56.15,203,58
-3.1,56.2,76,0
-3.1,56.25,95,0
-3.1,56.3,61,0
-3.1,56.35,13,0
-3.1,56.4,6,0
-3.1,56.45,91,0
-3.1,56.5,61,0
-3.1,56.55,13,0
-3.1,56.6,8,0
-3.1,56.65,8,0
-3.1,56.7,4,0
-3.1,56.75,0,0
-3.1,56.8,0,0
-3.1,56.85,0,0
-3.1,56.9,0,0
-3.1,56.95,0,0
-3.1,57.0,0,0
-3.1,57.05,1,0
-3.1,57.1,0,0
-3.1,57.15,1,0
-3.1,57.2,6,0
-3.1,57.25,0,0
-3.1,57.3,0,0
-3.1,57.35,0,0
-3.1,57.4,0,0
-3.1,57.45,43,34
-3.1,57.5,2,0
-3.1,57.55,9,0
-3.1,57.6,137,17
-3.1,57.65,108,0
-3.1,58.35,4,0
-3.1,58.4,7,0
-3.1,58.45,474,163
-3.1,58.5,2,0
-3.1,58.55,26,0
-3.1,58.6,6,0
-3.1,58.65,10,0
-3.1,58.7,1,0
-3.1,58.8,1,0
-3.1,58.85,12,0
-3.1,58.9,7,0
-3.1,58.95,9,0
-3.1,59.0,47,13
-3.1,59.05,7,0
-3.1,59.1,17,0
-3.1,59.15,1,0
-3.1,59.2,1,0
-3.05,55.0,475,8
-3.05,55.05,5,0
-3.05,55.1,5,0
-3.05,55.15,1,0
-3.05,55.2,2,0
-3.05,55.25,0,0
-3.05,55.3,0,0
-3.05,55.35,1,0
-3.05,55.4,0,0
-3.05,55.45,0,0
-3.05,55.5,1,0
-3.05,55.55,3,0
-3.05,55.6,186,38
-3.05,55.65,12,0
-3.05,55.7,0,0
-3.05,55.75,2,0
-3.05,55.8,11,0
-3.05,55.85,1057,111
-3.05,55.9,838,372
-3.05,55.95,2268,611
-3.05,56.15,1000,154
-3.05,56.2,910,518
-3.05,56.25,14,0
-3.05,56.3,153,0
-3.05,56.35,12,0
-3.05,56.4,11,0
-3.05,56.45,1632,545
-3.05,56.5,302,131
-3.05,56.55,23,0
-3.05,56.6,9,0
-3.05,56.65,31,0
-3.05,56.7,2,0
-3.05,56.75,1,0
-3.05,56.8,1,0
-3.05,56.85,0,0
-3.05,56.9,0,0
-3.05,56.95,0,0
-3.05,57.0,0,0
-3.05,57.05,113,129
-3.05,57.1,0,0
-3.05,57.15,0,0
-3.05,57.2,8,0
-3.05,57.25,1,0
-3.05,57.3,0,0
-3.05,57.35,0,0
-3.05,57.4,0,0
-3.05,57.45,4,0
-3.05,57.5,8,0
-3.05,57.55,11,0
-3.05,57.6,1,0
-3.05,57.65,29,0
-3.05,58.45,194,0
-3.05,58.5,0,0
-3.05,58.55,5,0
-3.05,58.6,4,0
-3.05,58.65,28,0
-3.05,58.75,13,0
-3.05,58.8,3,0
-3.05,58.85,0,0
-3.05,58.95,6,0
-3.05,59.0,9,0
-3.05,59.05,15,0
-3.05,59.1,12,0
-3.05,59.15,1,0
-3.05,59.2,7,0
-3.05,59.3,2,0
-3.05,59.35,1,0
-3.0,55.05,4,0
-3.0,55.1,7,0
-3.0,55.15,138,156
-3.0,55.2,2,0
-3.0,55.25,0,0
-3.0,55.3,0,0
-3.0,55.35,1,0
-3.0,55.4,0,0
-3.0,55.45,0,0
-3.0,55.5,3,0
-3.0,55.55,1,0
-3.0,55.6,37,0
-3.0,55.65,12,0
-3.0,55.7,0,0
-3.0,55.75,2,0
-3.0,55.8,15,0
-3.0,55.85,13,21
-3.0,55.9,30,0
-3.0,55.95,1139,216
-3.0,56.2,1215,178
-3.0,56.25,11,0
-3.0,56.3,555,320
-3.0,56.35,27,203
-3.0,56.4,99,23
-3.0,56.45,3940,4950
-3.0,56.5,1539,4654
-3.0,56.55,4,0
-3.0,56.6,34,0
-3.0,56.65,204,138
-3.0,56.7,215,138
-3.0,56.75,8,0
-3.0,56.8,0,0
-3.0,56.85,0,0
-3.0,56.9,0,0
-3.0,56.95,0,0
-3.0,57.0,0,0
-3.0,57.05,3,0
-3.0,57.1,0,0
-3.0,57.15,1,0
-3.0,57.2,7,0
-3.0,57.25,0,0
-3.0,57.3,0,0
-3.0,57.35,0,0
-3.0,57.4,1,0
-3.0,57.45,3,0
-3.0,57.5,7,0
-3.0,57.55,10,0
-3.0,57.6,6,0
-3.0,57.65,215,0
-3.0,58.75,4,0
-3.0,58.8,14,0
-3.0,58.85,11,0
-3.0,58.95,25,0
-3.0,59.0,34,0
-3.0,59.05,27,0
-3.0,59.1,6,0
-3.0,59.15,6,0
-3.0,59.2,1,0
-3.0,59.25,6,0
-3.0,59.3,22,0
-3.0,59.35,19,0
-2.95,55.05,9,24
-2.95,55.1,41,24
-2.95,55.15,0,0
-2.95,55.2,0,0
-2.95,55.25,1,0
-2.95,55.3,0,0
-2.95,55.35,0,0
-2.95,55.4,1,0
-2.95,55.45,0,0
-2.95,55.5,7,0
-2.95,55.55,3,0
-2.95,55.6,1,0
-2.95,55.65,0,0
-2.95,55.7,0,0
-2.95,55.75,3,0
-2.95,55.8,12,0
-2.95,55.85,69,0
-2.95,55.9,177,43
-2.95,55.95,1474,567
-2.95,56.2,622,178
-2.95,56.25,8,0
-2.95,56.3,59,54
-2.95,56.35,38,0
-2.95,56.4,89,0
-2.95,56.45,2695,2445
-2.95,56.5,1369,638
-2.95,56.55,21,0
-2.95,56.6,7,0
-2.95,56.65,17,0
-2.95,56.7,10,0
-2.95,56.75,3,0
-2.95,56.8,0,0
-2.95,56.85,0,0
-2.95,56.9,0,0
-2.95,56.95,0,0
-2.95,57.0,0,0
-2.95,57.05,1,0
-2.95,57.1,2,0
-2.95,57.15,10,0
-2.95,57.2,5,0
-2.95,57.25,1,0
-2.95,57.3,1,0
-2.95,57.35,0,0
-2.95,57.4,2,0
-2.95,57.45,6,0
-2.95,57.5,5,0
-2.95,57.55,353,67
-2.95,57.6,1,0
-2.95,57.65,209,232
-2.95,57.7,1371,232
-2.95,58.7,12,0
-2.95,58.75,10,0
-2.95,58.8,20,65
-2.95,58.85,43,0
-2.95,58.9,26,0
-2.95,58.95,128,27
-2.95,59.0,805,58
-2.95,59.05,15,0
-2.95,59.1,2,0
-2.95,59.15,10,0
-2.95,59.2,1,0
-2.95,59.25,3,0
-2.95,59.3,13,0
-2.95,59.35,11,0
-2.9,55.1,13,0
-2.9,55.15,0,0
-2.9,55.2,0,0
-2.9,55.25,0,0
-2.9,55.3,0,0
-2.9,55.35,2,0
-2.9,55.4,3,0
-2.9,55.45,2,0
-2.9,55.5,1,0
-2.9,55.55,5,0
-2.9,55.6,21,0
-2.9,55.65,2,0
-2.9,55.7,2,0
-2.9,55.75,18,0
-2.9,55.8,1,0
-2.9,55.85,9,0
-2.9,55.9,115,48
-2.9,55.95,190,130
-2.9,56.0,288,130
-2.9,56.2,34,0
-2.9,56.25,11,0
-2.9,56.3,20,0
-2.9,56.35,66,123
-2.9,56.4,164,79
-2.9,56.45,772,155
-2.9,56.5,972,294
-2.9,56.55,9,0
-2.9,56.6,12,0
-2.9,56.65,739,907
-2.9,56.7,10,0
-2.9,56.75,10,0
-2.9,56.8,0,0
-2.9,56.85,0,0
-2.9,56.9,0,0
-2.9,56.95,0,0
-2.9,57.0,0,0
-2.9,57.05,2,5
-2.9,57.1,11,5
-2.9,57.15,3,0
-2.9,57.2,4,0
-2.9,57.25,9,0
-2.9,57.3,6,0
-2.9,57.35,1,0
-2.9,57.4,1,0
-2.9,57.45,5,0
-2.9,57.5,7,0
-2.9,57.55,12,0
-2.9,57.6,2,0
-2.9,57.65,5,0
-2.9,57.7,156,0
-2.9,58.7,15,0
-2.9,58.75,3,0
-2.9,58.8,5,0
-2.9,58.85,51,5
-2.9,58.9,63,3
-2.9,58.95,10,0
-2.9,59.0,3,0
-2.9,59.05,19,0
-2.9,59.15,4,0
-2.9,59.25,5,0
-2.9,59.3,10,0
-2.9,59.35,12,0
-2.9,59.4,1,0
-2.85,55.1,3,0
-2.85,55.15,1,0
-2.85,55.2,0,0
-2.85,55.25,0,0
-2.85,55.3,0,0
-2.85,55.35,1,0
-2.85,55.4,8,0
-2.85,55.45,1,0
-2.85,55.5,12,0
-2.85,55.55,370,117
-2.85,55.6,48,0
-2.85,55.65,45,0
-2.85,55.7,52,16
-2.85,55.75,1,0
-2.85,55.8,2,0
-2.85,55.85,15,0
-2.85,55.9,37,32
-2.85,55.95,17,0
-2.85,56.0,89,70
-2.85,56.05,260,248
-2.85,56.2,62,0
-2.85,56.25,25,0
-2.85,56.3,16,0
-2.85,56.35,166,0
-2.85,56.4,35,0
-2.85,56.45,728,9
-2.85,56.5,824,9
-2.85,56.55,8,0
-2.85,56.6,5,0
-2.85,56.65,224,0
-2.85,56.7,21,0
-2.85,56.75,13,0
-2.85,56.8,0,0
-2.85,56.85,0,0
-2.85,56.9,0,0
-2.85,56.95,0,0
-2.85,57.0,0,0
-2.85,57.05,4,0
-2.85,57.1,5,0
-2.85,57.15,64,0
-2.85,57.2,4,0
-2.85,57.25,4,0
-2.85,57.3,19,0
-2.85,57.35,33,0
-2.85,57.4,2,0
-2.85,57.45,5,0
-2.85,57.5,18,0
-2.85,57.55,12,0
-2.85,57.6,10,0
-2.85,57.65,5,0
-2.85,57.7,188,0
-2.85,58.85,3,0
-2.85,58.9,14,0
-2.85,58.95,21,0
-2.85,59.0,14,0
-2.85,59.05,7,0
-2.85,59.1,6,0
-2.85,59.15,0,0
-2.85,59.2,0,0
-2.85,59.25,6,0
-2.85,59.35,2,0
-2.85,59.4,1,0
-2.8,55.15,2,0
-2.8,55.2,53,23
-2.8,55.25,1,0
-2.8,55.3,0,0
-2.8,55.35,0,0
-2.8,55.4,333,356
-2.8,55.45,324,386
-2.8,55.5,6,0
-2.8,55.55,7,0
-2.8,55.6,682,246
-2.8,55.65,5,0
-2.8,55.7,0,0
-2.8,55.75,25,0
-2.8,55.8,2,0
-2.8,55.85,4,0
-2.8,55.9,14,0
-2.8,55.95,383,1519
-2.8,56.0,26,6
-2.8,56.05,160,62
-2.8,56.2,41,0
-2.8,56.25,12,0
-2.8,56.3,12,0
-2.8,56.35,1769,1258
-2.8,56.4,0,0
-2.8,56.45,0,0
-2.8,56.5,358,232
-2.8,56.55,47,19
-2.8,56.6,20,0
-2.8,56.65,21,0
-2.8,56.7,14,0
-2.8,56.75,6,0
-2.8,56.8,1,0
-2.8,56.85,0,0
-2.8,56.9,0,0
-2.8,56.95,0,0
-2.8,57.0,0,0
-2.8,57.05,61,0
-2.8,57.1,76,0
-2.8,57.15,7,0
-2.8,57.2,7,0
-2.8,57.25,4,0
-2.8,57.3,1,0
-2.8,57.35,8,0
-2.8,57.4,16,0
-2.8,57.45,330,61
-2.8,57.5,10,0
-2.8,57.55,9,0
-2.8,57.6,4,0
-2.8,57.65,8,0
-2.8,57.7,191,53
-2.8,58.9,17,0
-2.8,58.95,12,0
-2.8,59.0,24,0
-2.8,59.05,6,0
-2.8,59.1,15,0
-2.8,59.15,2,0
-2.8,59.2,2,0
-2.8,59.25,1,0
-2.75,55.15,0,0
-2.75,55.2,1,0
-2.75,55.25,1,0
-2.75,55.3,0,0
-2.75,55.35,1,0
-2.75,55.4,2,0
-2.75,55.45,244,0
-2.75,55.5,22,0
-2.75,55.55,13,0
-2.75,55.6,286,80
-2.75,55.65,1,0
-2.75,55.7,113,87
-2.75,55.75,7,87
-2.75,55.8,0,0
-2.75,55.85,1,0
-2.75,55.9,63,18
-2.75,55.95,230,57
-2.75,56.0,33,0
-2.75,56.05,312,0
-2.75,56.2,596,129
-2.75,56.25,11,0
-2.75,56.3,12,0
-2.75,56.35,32,0
-2.75,56.45,1,0
-2.75,56.5,255,0
-2.75,56.55,12,0
-2.75,56.6,24,42
-2.75,56.65,90,42
-2.75,56.7,12,0
-2.75,56.75,11,0
-2.75,56.8,3,0
-2.75,56.85,0,0
-2.75,56.9,0,0
-2.75,56.95,0,0
-2.75,57.0,1,0
-2.75,57.05,10,116
-2.75,57.1,56,116
-2.75,57.15,9,0
-2.75,57.2,18,0
-2.75,57.25,19,0
-2.75,57.3,9,0
-2.75,57.35,25,0
-2.75,57.4,2,0
-2.75,57.45,16,0
-2.75,57.5,17,0
-2.75,57.55,20,0
-2.75,57.6,15,0
-2.75,57.65,18,0
-2.75,57.7,26,0
-2.75,58.9,18,0
-2.75,58.95,25,0
-2.75,59.15,11,0
-2.75,59.2,8,0
-2.75,59.25,3,0
-2.7,55.15,1,0
-2.7,55.2,0,0
-2.7,55.25,1,0
-2.7,55.3,0,0
-2.7,55.35,1,0
-2.7,55.4,4,0
-2.7,55.45,57,0
-2.7,55.5,9,0
-2.7,55.55,24,3
-2.7,55.6,131,108
-2.7,55.65,60,0
-2.7,55.7,9,0
-2.7,55.75,0,0
-2.7,55.8,0,0
-2.7,55.85,0,0
-2.7,55.9,6,0
-2.7,55.95,7,0
-2.7,56.0,15,0
-2.7,56.05,284,160
-2.7,56.2,897,115
-2.7,56.25,125,219
-2.7,56.3,5,0
-2.7,56.35,5,0
-2.7,56.5,888,157
-2.7,56.55,17,0
-2.7,56.6,20,0
-2.7,56.65,10,0
-2.7,56.7,9,0
-2.7,56.75,23,0
-2.7,56.8,2,0
-2.7,56.85,1,0
-2.7,56.9,0,0
-2.7,56.95,0,0
-2.7,57.0,2,0
-2.7,57.05,8,0
-2.7,57.1,22,0
-2.7,57.15,56,0
-2.7,57.2,21,0
-2.7,57.25,186,58
-2.7,57.3,6,0
-2.7,57.35,8,0
-2.7,57.4,5,0
-2.7,57.45,6,0
-2.7,57.5,6,0
-2.7,57.55,6,0
-2.7,57.6,22,0
-2.7,57.65,13,0
-2.7,57.7,419,0
-2.7,58.9,4,0
-2.7,58.95,7,0
-2.7,59.1,0,0
-2.7,59.2,7,0
-2.65,55.2,0,0
-2.65,55.25,0,0
-2.65,55.3,0,0
-2.65,55.35,3,0
-2.65,55.4,16,0
-2.65,55.45,6,0
-2.65,55.5,3,0
-2.65,55.55,111,46
-2.65,55.6,61,46
-2.65,55.65,69,63
-2.65,55.7,6,0
-2.65,55.75,2,0
-2.65,55.8,0,0
-2.65,55.85,1,0
-2.65,55.9,2,0
-2.65,55.95,21,0
-2.65,56.0,138,39
-2.65,56.05,20,0
-2.65,56.1,1,0
-2.65,56.25,113,0
-2.65,56.3,33,0
-2.65,56.5,18,0
-2.65,56.55,13,0
-2.65,56.6,27,0
-2.65,56.65,83,77
-2.65,56.7,12,0
-2.65,56.75,484,316
-2.65,56.8,76,0
-2.65,56.85,3,0
-2.65,56.9,0,0
-2.65,56.95,0,0
-2.65,57.0,12,0
-2.65,57.05,8,0
-2.65,57.1,29,0
-2.65,57.15,9,0
-2.65,57.2,17,0
-2.65,57.25,18,0
-2.65,57.3,20,0
-2.65,57.35,9,0
-2.65,57.4,3,0
-2.65,57.45,5,0
-2.65,57.5,17,0
-2.65,57.55,49,0
-2.65,57.6,9,0
-2.65,57.65,12,0
-2.65,57.7,4,0
-2.65,59.1,5,0
-2.65,59.15,5,0
-2.65,59.2,2,0
-2.65,59.25,2,0
-2.6,55.3,0,0
-2.6,55.35,0,0
-2.6,55.4,7,0
-2.6,55.45,4,0
-2.6,55.5,40,0
-2.6,55.55,10,0
-2.6,55.6,8,0
-2.6,55.65,3,0
-2.6,55.7,6,0
-2.6,55.75,11,0
-2.6,55.8,0,0
-2.6,55.85,1,0
-2.6,55.9,1,0
-2.6,55.95,18,0
-2.6,56.0,9,0
-2.6,56.05,11,0
-2.6,56.25,309,107
-2.6,56.3,5,0
-2.6,56.55,2320,442
-2.6,56.6,108,0
-2.6,56.65,10,0
-2.6,56.7,10,0
-2.6,56.75,5,36
-2.6,56.8,32,36
-2.6,56.85,15,0
-2.6,56.9,0,0
-2.6,56.95,0,0
-2.6,57.0,8,0
-2.6,57.05,6,0
-2.6,57.1,107,0
-2.6,57.15,7,0
-2.6,57.2,15,0
-2.6,57.25,3,0
-2.6,57.3,14,0
-2.6,57.35,178,54
-2.6,57.4,11,0
-2.6,57.45,10,0
-2.6,57.5,15,0
-2.6,57.55,57,0
-2.6,57.6,13,0
-2.6,57.65,16,7
-2.6,57.7,464,0
-2.6,59.1,14,0
-2.6,59.15,47,0
-2.6,59.25,18,0
-2.6,59.3,10,0
-2.55,55.3,0,0
-2.55,55.35,1,0
-2.55,55.4,1,0
-2.55,55.45,93,151
-2.55,55.5,186,151
-2.55,55.55,4,0
-2.55,55.6,8,0
-2.55,55.65,8,0
-2.55,55.7,35,0
-2.55,55.75,3,0
-2.55,55.8,0,0
-2.55,55.85,1,0
-2.55,55.9,1,0
-2.55,55.95,5,0
-2.55,56.0,313,131
-2.55,56.2,0,0
-2.55,56.55,1359,175
-2.55,56.6,27,0
-2.55,56.65,35,0
-2.55,56.7,14,0
-2.55,56.75,10,0
-2.55,56.8,35,0
-2.55,56.85,28,0
-2.55,56.9,3,0
-2.55,56.95,0,0
-2.55,57.0,18,0
-2.55,57.05,28,22
-2.55,57.1,6,0
-2.55,57.15,14,0
-2.55,57.2,14,0
-2.55,57.25,10,0
-2.55,57.3,20,0
-2.55,57.35,37,0
-2.55,57.4,12,0
-2.55,57.45,15,0
-2.55,57.5,9,0
-2.55,57.55,14,0
-2.55,57.6,10,0
-2.55,57.65,251,0
-2.55,57.7,858,0
-2.55,59.05,0,0
-2.55,59.1,4,0
-2.55,59.2,1,0
-2.55,59.25,14,0
-2.55,59.3,4,0
-2.5,55.35,1,0
-2.5,55.4,4,0
-2.5,55.45,3,0
-2.5,55.5,10,0
-2.5,55.55,8,0
-2.5,55.6,9,0
-2.5,55.65,8,0
-2.5,55.7,3,0
-2.5,55.75,0,0
-2.5,55.8,5,0
-2.5,55.85,2,0
-2.5,55.9,0,0
-2.5,55.95,5,0
-2.5,56.0,849,421
-2.5,56.6,35,0
-2.5,56.65,17,0
-2.5,56.7,194,0
-2.5,56.75,79,0
-2.5,56.8,35,0
-2.5,56.85,26,0
-2.5,56.9,6,0
-2.5,56.95,0,0
-2.5,57.0,1,0
-2.5,57.05,467,108
-2.5,57.1,5,0
-2.5,57.15,14,0
-2.5,57.2,52,0
-2.5,57.25,26,0
-2.5,57.3,19,0
-2.5,57.35,21,0
-2.5,57.4,12,0
-2.5,57.45,15,0
-2.5,57.5,10,0
-2.5,57.55,20,0
-2.5,57.6,11,0
-2.5,57.65,383,296
-2.5,59.25,5,0
-2.5,59.3,6,0
-2.45,55.35,0,0
-2.45,55.4,2,0
-2.45,55.45,5,0
-2.45,55.5,4,0
-2.45,55.55,25,0
-2.45,55.6,363,432
-2.45,55.65,22,0
-2.45,55.7,52,0
-2.45,55.75,1,0
-2.45,55.8,2,0
-2.45,55.85,3,0
-2.45,55.9,0,0
-2.45,55.95,18,23
-2.45,56.0,30,0
-2.45,56.7,1134,203
-2.45,56.75,234,6
-2.45,56.8,7,0
-2.45,56.85,192,40
-2.45,56.9,50,0
-2.45,56.95,1,0
-2.45,57.0,1,0
-2.45,57.05,77,0
-2.45,57.1,10,0
-2.45,57.15,21,0
-2.45,57.2,9,0
-2.45,57.25,276,14
-2.45,57.3,26,0
-2.45,57.35,50,0
-2.45,57.4,85,0
-2.45,57.45,8,0
-2.45,57.5,20,0
-2.45,57.55,371,126
-2.45,57.6,11,0
-2.45,57.65,20,0
-2.45,59.3,9,0
-2.45,59.35,17,0
-2.45,59.4,2,0
-2.4,55.35,0,0
-2.4,55.4,1,0
-2.4,55.45,1,0
-2.4,55.5,6,0
-2.4,55.55,8,0
-2.4,55.6,98,0
-2.4,55.65,21,0
-2.4,55.7,5,0
-2.4,55.75,9,0
-2.4,55.8,4,0
-2.4,55.85,2,0
-2.4,55.9,4,0
-2.4,55.95,25,0
-2.4,56.75,570,3
-2.4,56.8,36,0
-2.4,56.85,25,0
-2.4,56.9,21,24
-2.4,56.95,5,0
-2.4,57.0,3,0
-2.4,57.05,16,0
-2.4,57.1,12,0
-2.4,57.15,22,0
-2.4,57.2,25,0
-2.4,57.25,24,156
-2.4,57.3,643,211
-2.4,57.35,47,0
-2.4,57.4,11,12
-2.4,57.45,44,12
-2.4,57.5,15,0
-2.4,57.55,8,0
-2.4,57.6,12,0
-2.4,57.65,8,0
-2.4,59.3,4,0
-2.4,59.35,8,0
-2.4,59.4,6,0
-2.35,55.35,0,0
-2.35,55.4,0,0
-2.35,55.45,2,0
-2.35,55.5,19,0
-2.35,55.55,7,0
-2.35,55.6,6,0
-2.35,55.65,20,0
-2.35,55.7,17,0
-2.35,55.75,66,148
-2.35,55.8,142,148
-2.35,55.85,4,0
-2.35,55.9,4,0
-2.35,55.95,110,0
-2.35,56.8,95,0
-2.35,56.85,7,0
-2.35,56.9,31,0
-2.35,56.95,4,0
-2.35,57.0,1,0
-2.35,57.05,24,0
-2.35,57.1,81,0
-2.35,57.15,28,0
-2.35,57.2,27,0
-2.35,57.25,400,49
-2.35,57.3,145,108
-2.35,57.35,44,0
-2.35,57.4,24,13
-2.35,57.45,22,0
-2.35,57.5,12,0
-2.35,57.55,40,0
-2.35,57.6,20,0
-2.35,57.65,67,0
-2.3,55.4,0,0
-2.3,55.45,0,0
-2.3,55.5,2,0
-2.3,55.55,36,0
-2.3,55.6,8,0
-2.3,55.65,11,0
-2.3,55.7,9,0
-2.3,55.75,11,0
-2.3,55.8,7,0
-2.3,55.85,4,0
-2.3,55.9,10,85
-2.3,55.95,18,0
-2.3,56.8,15,0
-2.3,56.85,221,3
-2.3,56.9,8,0
-2.3,56.95,6,0
-2.3,57.0,4,0
-2.3,57.05,12,0
-2.3,57.1,39,0
-2.3,57.15,640,0
-2.3,57.2,217,0
-2.3,57.25,17,0
-2.3,57.3,14,0
-2.3,57.35,203,173
-2.3,57.4,22,0
-2.3,57.45,17,0
-2.3,57.5,11,0
-2.3,57.55,32,0
-2.3,57.6,18,0
-2.3,57.65,5,0
-2.3,57.7,4,0
-2.25,55.45,0,0
-2.25,55.5,0,0
-2.25,55.55,10,0
-2.25,55.65,229,25
-2.25,55.7,19,0
-2.25,55.75,9,0
-2.25,55.8,16,0
-2.25,55.85,10,0
-2.25,55.9,3,0
-2.25,55.95,4,0
-2.25,56.85,28,0
-2.25,56.9,31,0
-2.25,56.95,313,0
-2.25,57.0,17,0
-2.25,57.05,36,0
-2.25,57.1,436,40
-2.25,57.15,168,327
-2.25,57.2,11,46
-2.25,57.25,33,0
-2.25,57.3,20,0
-2.25,57.35,29,0
-2.25,57.4,30,0
-2.25,57.45,30,0
-2.25,57.5,8,0
-2.25,57.55,12,0
-2.25,57.6,6,0
-2.25,57.65,3,4
-2.25,57.7,11,4
-2.2,55.45,0,0
-2.2,55.5,0,0
-2.2,55.65,9,0
-2.2,55.7,10,0
-2.2,55.75,12,0
-2.2,55.8,109,10
-2.2,55.85,29,18
-2.2,55.9,4,0
-2.2,55.95,2,0
-2.2,56.9,38,0
-2.2,56.95,919,278
-2.2,57.0,17,0
-2.2,57.05,8,0
-2.2,57.1,369,0
-2.2,57.15,531,336
-2.2,57.2,607,407
-2.2,57.25,198,134
-2.2,57.3,9,0
-2.2,57.35,182,0
-2.2,57.4,10,0
-2.2,57.45,13,0
-2.2,57.5,69,0
-2.2,57.55,10,0
-2.2,57.6,89,0
-2.2,57.65,30,0
-2.2,57.7,5,0
-2.15,55.45,0,0
-2.15,55.75,14,0
-2.15,55.8,14,0
-2.15,55.85,22,0
-2.15,55.9,68,0
-2.15,57.0,143,0
-2.15,57.05,740,64
-2.15,57.1,408,64
-2.15,57.15,3737,846
-2.15,57.2,557,52
-2.15,57.25,74,0
-2.15,57.3,38,0
-2.15,57.35,14,0
-2.15,57.4,25,0
-2.15,57.45,15,0
-2.15,57.5,68,0
-2.15,57.55,12,0
-2.15,57.6,2,0
-2.15,57.65,12,0
-2.15,57.7,7,0
-2.1,55.75,51,0
-2.1,55.8,20,0
-2.1,55.85,249,376
-2.1,55.9,100,28
-2.1,57.05,203,45
-2.1,57.1,1065,259
-2.1,57.15,4975,1780
-2.1,57.2,1112,283
-2.1,57.25,107,0
-2.1,57.3,13,0
-2.1,57.35,415,0
-2.1,57.4,21,0
-2.1,57.45,23,0
-2.1,57.5,23,0
-2.1,57.55,4,0
-2.1,57.6,86,0
-2.1,57.65,11,0
-2.1,57.7,191,0
-2.1,60.1,4,0
-2.1,60.15,5,0
-2.05,55.8,19,0
-2.05,55.85,58,0
-2.05,57.1,47,2
-2.05,57.15,1021,9
-2.05,57.2,100,0
-2.05,57.25,242,0
-2.05,57.3,24,0
-2.05,57.35,296,280
-2.05,57.4,18,0
-2.05,57.45,11,0
-2.05,57.5,79,0
-2.05,57.55,13,0
-2.05,57.6,6,0
-2.05,57.65,28,0
-2.05,57.7,543,0
-2.05,60.1,13,0
-2.05,60.15,7,0
-2.0,57.25,18,0
-2.0,57.3,178,0
-2.0,57.35,13,0
-2.0,57.4,8,0
-2.0,57.45,14,0
-2.0,57.5,160,81
-2.0,57.55,73,81
-2.0,57.6,22,0
-2.0,57.65,21,0
-2.0,57.7,2516,172
-1.95,57.35,25,19
-1.95,57.4,8,0
-1.95,57.45,11,0
-1.95,57.5,84,0
-1.95,57.55,8,0
-1.95,57.6,16,0
-1.95,57.65,58,0
-1.95,57.7,397,0
-1.9,57.35,15,0
-1.9,57.4,35,0
-1.9,57.45,49,0
-1.9,57.5,11,0
-1.9,57.55,13,0
-1.9,57.6,67,0
-1.9,57.65,83,0
-1.85,57.4,278,0
-1.85,57.45,8,0
-1.85,57.5,23,0
-1.85,57.55,65,0
-1.85,57.6,5,0
-1.85,57.65,2,0
-1.8,57.45,172,0
-1.8,57.5,1582,221
-1.8,57.55,8,0
-1.75,57.45,331,0
-1.75,57.5,799,0
-1.75,60.35,1,0
-1.7,60.25,5,0
-1.7,60.3,4,0
-1.7,60.35,2,0
-1.65,59.5,22,0
-1.65,59.55,8,0
-1.65,60.2,1,0
-1.65,60.25,4,0
-1.65,60.3,13,0
-1.65,60.35,0,0
-1.65,60.5,2,0
-1.6,59.55,0,0
-1.6,60.2,5,0
-1.6,60.25,5,0
-1.6,60.3,6,0
-1.6,60.5,4,0
-1.55,60.2,8,0
-1.55,60.25,13,3
-1.55,60.3,1,0
-1.55,60.5,2,0
-1.55,60.55,1,0
-1.5,60.15,1,0
-1.5,60.2,6,0
-1.5,60.25,4,0
-1.5,60.3,1,0
-1.5,60.35,2,0
-1.5,60.45,9,0
-1.5,60.5,5,0
-1.5,60.55,0,0
-1.45,60.15,4,0
-1.45,60.2,7,0
-1.45,60.25,4,0
-1.45,60.3,3,0
-1.45,60.35,1,0
-1.45,60.4,1,0
-1.45,60.45,1,0
-1.45,60.5,4,0
-1.45,60.55,0,0
-1.45,60.6,0,0
-1.4,59.9,0,0
-1.4,60.15,4,0
-1.4,60.2,11,0
-1.4,60.25,17,18
-1.4,60.3,19,0
-1.4,60.35,12,0
-1.4,60.4,5,0
-1.4,60.45,3,8
-1.4,60.5,3,8
-1.4,60.55,0,0
-1.4,60.6,1,0
-1.35,59.85,3,0
-1.35,59.9,12,0
-1.35,59.95,15,0
-1.35,60.0,23,0
-1.35,60.05,17,0
-1.35,60.1,143,0
-1.35,60.15,0,0
-1.35,60.2,5,0
-1.35,60.25,5,0
-1.35,60.3,3,0
-1.35,60.35,7,0
-1.35,60.4,75,61
-1.35,60.45,4,0
-1.35,60.5,13,0
-1.35,60.55,5,0
-1.35,60.6,3,0
-1.3,59.85,27,0
-1.3,59.9,47,19
-1.3,59.95,19,0
-1.3,60.0,8,0
-1.3,60.05,2,0
-1.3,60.1,23,0
-1.3,60.15,160,0
-1.3,60.2,35,0
-1.3,60.25,32,0
-1.3,60.3,1,0
-1.3,60.35,2,0
-1.3,60.4,0,0
-1.3,60.45,2,0
-1.3,60.5,0,0
-1.3,60.55,6,0
-1.3,60.6,4,0
-1.3,60.65,0,0
-1.25,59.85,7,0
-1.25,59.9,4,0
-1.25,59.95,26,0
-1.25,60.0,75,3
-1.25,60.05,21,0
-1.25,60.1,11,0
-1.25,60.15,52,54
-1.25,60.2,14,0
-1.25,60.25,7,0
-1.25,60.3,1,0
-1.25,60.35,15,22
-1.25,60.4,7,0
-1.25,60.45,1,0
-1.25,60.5,0,0
-1.2,60.0,53,0
-1.2,60.05,77,0
-1.2,60.1,42,0
-1.2,60.15,76,0
-1.2,60.2,28,0
-1.2,60.25,8,0
-1.2,60.3,0,0
-1.2,60.35,2,0
-1.2,60.4,1,0
-1.2,60.45,21,10
-1.2,60.5,2,0
-1.2,60.55,5,0
-1.2,60.6,5,0
-1.2,60.65,0,0
-1.15,60.0,4,0
-1.15,60.15,915,420
-1.15,60.2,6,0
-1.15,60.25,20,0
-1.15,60.3,4,0
-1.15,60.35,12,0
-1.15,60.4,3,0
-1.15,60.45,4,0
-1.15,60.5,7,8
-1.15,60.55,1,0
-1.15,60.6,3,0
-1.15,60.65,0,0
-1.15,60.7,1,0
-1.1,60.1,7,0
-1.1,60.15,21,0
-1.1,60.2,3,0
-1.1,60.25,7,0
-1.1,60.3,2,0
-1.1,60.35,5,0
-1.1,60.4,9,0
-1.1,60.45,9,0
-1.1,60.5,6,0
-1.1,60.55,0,0
-1.1,60.6,3,0
-1.1,60.65,0,0
-1.1,60.7,0,0
-1.1,60.75,0,0
-1.05,60.1,2,0
-1.05,60.15,3,0
-1.05,60.35,16,0
-1.05,60.45,0,0
-1.05,60.5,15,0
-1.05,60.55,6,0
-1.05,60.6,12,10
-1.05,60.65,3,0
-1.05,60.7,4,0
-1.05,60.75,14,0
-1.0,60.15,2,0
-1.0,60.35,90,1
-1.0,60.55,11,0
-1.0,60.6,4,0
-1.0,60.65,7,0
-1.0,60.7,8,0
-0.95,60.35,18,0
-0.95,60.4,15,0
-0.95,60.6,1,0
-0.95,60.65,7,0
-0.95,60.7,3,0
-0.95,60.75,1,0
-0.95,60.8,0,0
-0.9,60.4,5,0
-0.9,60.55,0,0
-0.9,60.6,1,0
-0.9,60.65,0,0
-0.9,60.7,4,0
-0.9,60.75,5,16
-0.9,60.8,0,0
-0.9,60.85,0,0
-0.85,60.55,0,0
-0.85,60.6,1,0
-0.85,60.65,0,0
-0.85,60.7,5,0
-0.85,60.75,16,0
-0.85,60.8,3,0
-0.85,60.85,0,0
-0.8,60.4,2,0
-0.8,60.6,2,0
-0.8,60.75,6,0
-0.8,60.8,9,0
-0.8,60.85,1,0
-0.75,60.4,16,0
-0.75,60.45,41,0
-0.75,60.6,0,0
